-- ============================================================
-- Production Catalog Seed Migration
-- Wipes all transactional data and populates tests/parameters
-- ============================================================

SET session_replication_role = 'replica';

TRUNCATE TABLE public.test_results CASCADE;
TRUNCATE TABLE public.lab_record_tests CASCADE;
TRUNCATE TABLE public.payments CASCADE;
TRUNCATE TABLE public.lab_records CASCADE;
TRUNCATE TABLE public.patients CASCADE;
TRUNCATE TABLE public.notifications CASCADE;
TRUNCATE TABLE public.audit_events CASCADE;
TRUNCATE TABLE public.api_keys CASCADE;
TRUNCATE TABLE public.doctors CASCADE;
TRUNCATE TABLE public.hospitals CASCADE;
TRUNCATE TABLE public.test_parameters CASCADE;
TRUNCATE TABLE public.tests CASCADE;
TRUNCATE TABLE public.parameters CASCADE;
TRUNCATE TABLE public.departments CASCADE;
TRUNCATE TABLE public.antibiotics CASCADE;

-- Restore default active antibiotics if needed. In this case, we just seed departments, tests, and parameters.

INSERT INTO public.departments (id, department_name, is_active) VALUES ('d0bd3015-3989-46c9-945d-a678e39aeb2d', 'SCAN', TRUE);
INSERT INTO public.departments (id, department_name, is_active) VALUES ('150d526e-5ff5-4c9a-bdd2-273b68c6d6f2', 'IMMUNOSEROLOGY', TRUE);
INSERT INTO public.departments (id, department_name, is_active) VALUES ('53b68813-9e4e-4e0d-bdb3-8cf07bcebaa5', 'BIOCHEMISTRY', TRUE);
INSERT INTO public.departments (id, department_name, is_active) VALUES ('6cd0b934-b65c-490a-903a-0dc43c8f7593', 'TUMOUR MARKER', TRUE);
INSERT INTO public.departments (id, department_name, is_active) VALUES ('82040f2b-d684-4168-8256-36510ccd00ca', 'HAEMATOLOGY', TRUE);
INSERT INTO public.departments (id, department_name, is_active) VALUES ('fb37a2d2-de2d-452e-b9ee-ee2f0238d810', 'ENDOCRINOLOGY', TRUE);
INSERT INTO public.departments (id, department_name, is_active) VALUES ('70e222a2-fed5-4201-876a-3fc2f3e874d2', 'MICROBIOLOGY', TRUE);
INSERT INTO public.departments (id, department_name, is_active) VALUES ('1a98247c-aee3-44f8-81f0-44dd38b16222', 'HISTOPATHOLOGY', TRUE);
INSERT INTO public.departments (id, department_name, is_active) VALUES ('8ab469f1-a873-4803-a5d4-8b1c9eba4465', 'OTHER TESTS', TRUE);
INSERT INTO public.departments (id, department_name, is_active) VALUES ('32bfafe9-e1a0-4413-80ef-92ec85645516', 'BACTERIOLOGY', TRUE);
INSERT INTO public.departments (id, department_name, is_active) VALUES ('c526a3ad-4927-4403-a0fe-6d0ae97f14c1', 'SEROLOGY REPORT', TRUE);
INSERT INTO public.departments (id, department_name, is_active) VALUES ('2dc8b43c-8ac5-4dd4-84e6-0d1ed98c9080', 'PARASITOLOGY', TRUE);
INSERT INTO public.departments (id, department_name, is_active) VALUES ('9923b08c-c967-4c52-8b2c-4db6616a6b4d', 'OTHERS', TRUE);

INSERT INTO public.tests (id, test_name, department, test_cost, include_comprehensive, test_code) VALUES ('26a88912-31d1-4f7d-b0e2-d72089acca58', 'UROLOGY', 'SCAN', 120, FALSE, 'TST-0001');
INSERT INTO public.tests (id, test_name, department, test_cost, include_comprehensive, test_code) VALUES ('cf8f7640-e002-4102-91d7-724937bf456a', 'ABDOMINO-PELVIC SCAN', 'SCAN', 120, FALSE, 'TST-0002');
INSERT INTO public.tests (id, test_name, department, test_cost, include_comprehensive, test_code) VALUES ('52e53b4f-d4af-4676-aafc-13a53f647405', 'PROSTATE SCAN', 'SCAN', 120, FALSE, 'TST-0003');
INSERT INTO public.tests (id, test_name, department, test_cost, include_comprehensive, test_code) VALUES ('03aab8ae-3674-451c-b12d-d6bf3c6513bf', 'H. PYLORI (BLOOD)', 'IMMUNOSEROLOGY', 100, FALSE, 'TST-0004');
INSERT INTO public.tests (id, test_name, department, test_cost, include_comprehensive, test_code) VALUES ('805d3951-494f-447d-85fb-4904a5bfefb9', 'BHCG', 'IMMUNOSEROLOGY', 150, FALSE, 'TST-0005');
INSERT INTO public.tests (id, test_name, department, test_cost, include_comprehensive, test_code) VALUES ('0b9d8ccd-3cf3-45bf-b8d4-2076db9b6c1f', 'FASTING BLOOD SUGAR', 'BIOCHEMISTRY', 30, FALSE, 'TST-0006');
INSERT INTO public.tests (id, test_name, department, test_cost, include_comprehensive, test_code) VALUES ('bfc65a5d-e571-4995-8c53-43293e5d50ec', 'H. PYLORI (STOOL)', 'IMMUNOSEROLOGY', 100, FALSE, 'TST-0007');
INSERT INTO public.tests (id, test_name, department, test_cost, include_comprehensive, test_code) VALUES ('baf822cf-dc79-41ea-a54d-b020502431f9', 'CA 125', 'TUMOUR MARKER', 150, FALSE, 'TST-0008');
INSERT INTO public.tests (id, test_name, department, test_cost, include_comprehensive, test_code) VALUES ('49708aec-4096-47aa-bfb8-ef41ad32d390', 'TROPONIN T', 'BIOCHEMISTRY', 200, FALSE, 'TST-0009');
INSERT INTO public.tests (id, test_name, department, test_cost, include_comprehensive, test_code) VALUES ('9d1fa944-a4cd-4468-8bc5-3e57ec99c9e4', 'HB ELECTRO', 'HAEMATOLOGY', 100, FALSE, 'TST-0010');
INSERT INTO public.tests (id, test_name, department, test_cost, include_comprehensive, test_code) VALUES ('ddd57ccf-17bc-418c-bf55-7848f8850b41', 'G6PD', 'HAEMATOLOGY', 60, FALSE, 'TST-0011');
INSERT INTO public.tests (id, test_name, department, test_cost, include_comprehensive, test_code) VALUES ('5dc1b3c8-b0b2-4f5e-a491-bde80ebce8bf', 'PAP SMEAR', 'TUMOUR MARKER', 250, FALSE, 'TST-0012');
INSERT INTO public.tests (id, test_name, department, test_cost, include_comprehensive, test_code) VALUES ('bcfe8d5c-eae4-4d14-9882-2f4cfc925633', '24HR URINE CREATININE', 'BIOCHEMISTRY', 50, FALSE, 'TST-0013');
INSERT INTO public.tests (id, test_name, department, test_cost, include_comprehensive, test_code) VALUES ('339ab4f6-f6f7-43b3-b571-418f3060f5bf', '24HR URINE PROTEIN', 'BIOCHEMISTRY', 50, FALSE, 'TST-0014');
INSERT INTO public.tests (id, test_name, department, test_cost, include_comprehensive, test_code) VALUES ('12b85ffb-e23c-4e90-838f-4c12119caf79', 'A.N.A (Anti-Nuclear Antibody)', 'IMMUNOSEROLOGY', 0, FALSE, 'TST-0015');
INSERT INTO public.tests (id, test_name, department, test_cost, include_comprehensive, test_code) VALUES ('b3e74489-52d0-466d-83ee-47470ea21b4e', 'A.N.F', 'IMMUNOSEROLOGY', 0, FALSE, 'TST-0016');
INSERT INTO public.tests (id, test_name, department, test_cost, include_comprehensive, test_code) VALUES ('dfa81955-7102-4cbe-b587-e74deed36512', 'A.S.O TITRE (Anti-Streptol ysin O)', 'IMMUNOSEROLOGY', 0, FALSE, 'TST-0017');
INSERT INTO public.tests (id, test_name, department, test_cost, include_comprehensive, test_code) VALUES ('617d2d7f-9599-43b1-8f5b-49214438e9a2', 'ACID PHOSPHATASE', 'BIOCHEMISTRY', 25, FALSE, 'TST-0018');
INSERT INTO public.tests (id, test_name, department, test_cost, include_comprehensive, test_code) VALUES ('12574549-5044-4418-9dc2-c433997715a3', 'ALBUMIN', 'BIOCHEMISTRY', 30, FALSE, 'TST-0019');
INSERT INTO public.tests (id, test_name, department, test_cost, include_comprehensive, test_code) VALUES ('5e03c04b-b834-4f43-b4dc-394d7fca754e', 'ALKALINE PHOSPHATASE', 'BIOCHEMISTRY', 20, FALSE, 'TST-0020');
INSERT INTO public.tests (id, test_name, department, test_cost, include_comprehensive, test_code) VALUES ('2e06e739-3aa8-4f7b-b86c-e8fe87d56cca', 'AFP (ALPHA FETO-PROTEIN)', 'ENDOCRINOLOGY', 150, FALSE, 'TST-0021');
INSERT INTO public.tests (id, test_name, department, test_cost, include_comprehensive, test_code) VALUES ('bbb553ad-cda5-4547-b794-e73e61800f5d', 'ALT (SGPT)', 'BIOCHEMISTRY', 20, FALSE, 'TST-0022');
INSERT INTO public.tests (id, test_name, department, test_cost, include_comprehensive, test_code) VALUES ('247265aa-e4ee-498f-aa43-98e3a6128d54', 'AMYLASE', 'BIOCHEMISTRY', 150, FALSE, 'TST-0023');
INSERT INTO public.tests (id, test_name, department, test_cost, include_comprehensive, test_code) VALUES ('0879d816-b76a-4883-a692-bc4f510c225b', 'ANTI-N-DNA ANTIBODIES', 'IMMUNOSEROLOGY', 65, FALSE, 'TST-0024');
INSERT INTO public.tests (id, test_name, department, test_cost, include_comprehensive, test_code) VALUES ('f13ce218-c56d-4cd5-b10f-9bca4fbe68fc', 'ASCITIC FLUID', 'MICROBIOLOGY', 50, FALSE, 'TST-0025');
INSERT INTO public.tests (id, test_name, department, test_cost, include_comprehensive, test_code) VALUES ('941860cb-8fc0-4922-b9b5-2152a9f9b697', 'ASCITIC FLUID (BIOCHEM)', 'BIOCHEMISTRY', 70, FALSE, 'TST-0026');
INSERT INTO public.tests (id, test_name, department, test_cost, include_comprehensive, test_code) VALUES ('fe89536f-5ebf-410b-a7be-9871d51c0e38', 'ASCITIC FLUID M, C/S', 'MICROBIOLOGY', 70, FALSE, 'TST-0027');
INSERT INTO public.tests (id, test_name, department, test_cost, include_comprehensive, test_code) VALUES ('aa5413fe-550e-49f4-9fa2-b1cfa655502d', 'ASPIRATE', 'MICROBIOLOGY', 60, FALSE, 'TST-0028');
INSERT INTO public.tests (id, test_name, department, test_cost, include_comprehensive, test_code) VALUES ('1e3bc1e7-1c5e-45a8-b60b-d44139a2f68c', 'AST (SGOT)', 'BIOCHEMISTRY', 20, FALSE, 'TST-0029');
INSERT INTO public.tests (id, test_name, department, test_cost, include_comprehensive, test_code) VALUES ('b2015133-fdca-4479-9ad5-ca417634eade', 'BENCE JONES PROTEIN', 'BIOCHEMISTRY', 0, FALSE, 'TST-0030');
INSERT INTO public.tests (id, test_name, department, test_cost, include_comprehensive, test_code) VALUES ('009ea843-1379-41b9-803d-f1d7fe69b7ec', 'BETA-HCG LEVEL (QUANTITATIVE)', 'ENDOCRINOLOGY', 70, FALSE, 'TST-0031');
INSERT INTO public.tests (id, test_name, department, test_cost, include_comprehensive, test_code) VALUES ('c12cf44d-1c37-45bd-b9ed-deec1fcc95d7', 'BICARBONATE', 'BIOCHEMISTRY', 15, FALSE, 'TST-0032');
INSERT INTO public.tests (id, test_name, department, test_cost, include_comprehensive, test_code) VALUES ('22ea9952-dba7-442a-b56b-01f751b9dd74', 'SERUM BILIRUBIN', 'BIOCHEMISTRY', 70, FALSE, 'TST-0033');
INSERT INTO public.tests (id, test_name, department, test_cost, include_comprehensive, test_code) VALUES ('42f0631d-39b5-4505-98c0-24e7bc34c18d', 'BLEEDING TIME', 'HAEMATOLOGY', 20, FALSE, 'TST-0034');
INSERT INTO public.tests (id, test_name, department, test_cost, include_comprehensive, test_code) VALUES ('0369021a-4f6c-4179-a8fa-076cb854d63e', 'BLOOD - CULTURE & SENSITIVITY', 'MICROBIOLOGY', 100, FALSE, 'TST-0035');
INSERT INTO public.tests (id, test_name, department, test_cost, include_comprehensive, test_code) VALUES ('f946883c-3642-47eb-8a9b-84d97848e564', 'BLOOD PRESSURE', 'BIOCHEMISTRY', 0, FALSE, 'TST-0036');
INSERT INTO public.tests (id, test_name, department, test_cost, include_comprehensive, test_code) VALUES ('cc8b9dab-3f57-455b-99d4-2c41ed4e8740', 'BLOOD GROUP (ABO & RH)', 'HAEMATOLOGY', 30, FALSE, 'TST-0037');
INSERT INTO public.tests (id, test_name, department, test_cost, include_comprehensive, test_code) VALUES ('2f923fd8-2688-4592-87bb-ec067fcacb2b', 'BLOOD PREGNANCY TEST (QUALITATIVE)', 'IMMUNOSEROLOGY', 30, FALSE, 'TST-0038');
INSERT INTO public.tests (id, test_name, department, test_cost, include_comprehensive, test_code) VALUES ('16a7e289-8a59-4607-b9e1-3765ddc873ea', 'BODY FLUIDS/EXUDATES (CSF, PLEURAL, ASCITIC, PROSTATIC)', 'MICROBIOLOGY', 0, FALSE, 'TST-0039');
INSERT INTO public.tests (id, test_name, department, test_cost, include_comprehensive, test_code) VALUES ('a20c2b6f-0bf6-4473-ba80-edd588c172eb', 'BODY MASS INDEX', 'BIOCHEMISTRY', 0, FALSE, 'TST-0040');
INSERT INTO public.tests (id, test_name, department, test_cost, include_comprehensive, test_code) VALUES ('34a7af1b-9e73-45a1-a6c3-ac2012885724', 'BODY WEIGHT', 'BIOCHEMISTRY', 0, FALSE, 'TST-0041');
INSERT INTO public.tests (id, test_name, department, test_cost, include_comprehensive, test_code) VALUES ('4eda64e4-7c21-4195-b8c3-c67b0dbb1f06', 'BODY HEIGHT', 'BIOCHEMISTRY', 0, FALSE, 'TST-0042');
INSERT INTO public.tests (id, test_name, department, test_cost, include_comprehensive, test_code) VALUES ('77bcf47b-5529-4d16-a137-756cb4aed0e0', 'BRONCHIAL SWAB C/S', 'MICROBIOLOGY', 70, FALSE, 'TST-0043');
INSERT INTO public.tests (id, test_name, department, test_cost, include_comprehensive, test_code) VALUES ('c3444dc7-efdb-4f2a-8c6a-1f3535b5b683', 'BRONCHIAL SWAB M, C/S', 'MICROBIOLOGY', 70, FALSE, 'TST-0044');
INSERT INTO public.tests (id, test_name, department, test_cost, include_comprehensive, test_code) VALUES ('ebb03837-afdf-499f-8414-7b7cd4679a4d', 'C.E.A (Carcinoembryonic Antigen)', 'ENDOCRINOLOGY', 100, FALSE, 'TST-0045');
INSERT INTO public.tests (id, test_name, department, test_cost, include_comprehensive, test_code) VALUES ('dcdd33c2-bb57-49e0-8f04-7b48084664a0', 'CALCIUM', 'BIOCHEMISTRY', 70, FALSE, 'TST-0046');
INSERT INTO public.tests (id, test_name, department, test_cost, include_comprehensive, test_code) VALUES ('d5c5b15a-80a0-424c-8f8b-a0ad97a0d272', 'CARDIAC ENZYMES', 'BIOCHEMISTRY', 500, FALSE, 'TST-0047');
INSERT INTO public.tests (id, test_name, department, test_cost, include_comprehensive, test_code) VALUES ('be40452f-aa85-4ebb-bed1-40f2bbd4e5ea', 'CD4 COUNT', 'BIOCHEMISTRY', 120, FALSE, 'TST-0048');
INSERT INTO public.tests (id, test_name, department, test_cost, include_comprehensive, test_code) VALUES ('b2d58b9e-0589-47a3-ab15-12b96e3013ef', 'CDC', 'IMMUNOSEROLOGY', 30, FALSE, 'TST-0049');
INSERT INTO public.tests (id, test_name, department, test_cost, include_comprehensive, test_code) VALUES ('7183ddf5-a246-4d9e-a630-9cfa15c34619', 'CERVICAL SWAB C/S', 'MICROBIOLOGY', 70, FALSE, 'TST-0050');
INSERT INTO public.tests (id, test_name, department, test_cost, include_comprehensive, test_code) VALUES ('7ea1a2b0-49a5-42fb-9292-7638c2c77b71', 'CHLAMYDIA', 'IMMUNOSEROLOGY', 60, FALSE, 'TST-0051');
INSERT INTO public.tests (id, test_name, department, test_cost, include_comprehensive, test_code) VALUES ('7e0a4b87-18a3-4518-aaf4-70a62ac7cd08', 'CHLORIDE (Cl-)', 'BIOCHEMISTRY', 20, FALSE, 'TST-0052');
INSERT INTO public.tests (id, test_name, department, test_cost, include_comprehensive, test_code) VALUES ('41912aaa-07ab-4bdc-b2b3-c2fbbbd41286', 'CK', 'BIOCHEMISTRY', 0, FALSE, 'TST-0053');
INSERT INTO public.tests (id, test_name, department, test_cost, include_comprehensive, test_code) VALUES ('9137f9fa-104f-4c70-ac3b-230e507a06ee', 'CK-MB', 'BIOCHEMISTRY', 35, FALSE, 'TST-0054');
INSERT INTO public.tests (id, test_name, department, test_cost, include_comprehensive, test_code) VALUES ('7c5f3513-c01f-43ee-b4c4-5f0b24b667fc', 'CLOTTING PROFILE', 'HAEMATOLOGY', 150, FALSE, 'TST-0055');
INSERT INTO public.tests (id, test_name, department, test_cost, include_comprehensive, test_code) VALUES ('03ddefb0-f2a2-4710-a1a2-888a23e2237f', 'CLOTTING TIME', 'HAEMATOLOGY', 20, FALSE, 'TST-0056');
INSERT INTO public.tests (id, test_name, department, test_cost, include_comprehensive, test_code) VALUES ('e8632a45-1490-4fae-94ca-0b1059b90a25', 'INDIRECT COOMBS TEST (IDCT)', 'HAEMATOLOGY', 60, FALSE, 'TST-0057');
INSERT INTO public.tests (id, test_name, department, test_cost, include_comprehensive, test_code) VALUES ('9ccf156c-8fce-4666-b573-603f8d25356e', 'DIRECT COOMBS TEST', 'HAEMATOLOGY', 30, FALSE, 'TST-0058');
INSERT INTO public.tests (id, test_name, department, test_cost, include_comprehensive, test_code) VALUES ('4e8b72f5-52e0-4d42-9a21-d17b8e339d87', 'CORTISOL', 'ENDOCRINOLOGY', 120, FALSE, 'TST-0059');
INSERT INTO public.tests (id, test_name, department, test_cost, include_comprehensive, test_code) VALUES ('65541c14-4bc9-482e-bc28-14e6f2942fcd', 'C-REACTIVE PROTEIN', 'IMMUNOSEROLOGY', 100, FALSE, 'TST-0060');
INSERT INTO public.tests (id, test_name, department, test_cost, include_comprehensive, test_code) VALUES ('78f4c257-6df9-484a-9a82-ddb90f9bdcd7', 'CREATININE', 'BIOCHEMISTRY', 30, FALSE, 'TST-0061');
INSERT INTO public.tests (id, test_name, department, test_cost, include_comprehensive, test_code) VALUES ('c5563a8d-8862-4afe-88d3-5e5bf36ba173', 'CSF - BIOCHEMISTRY', 'BIOCHEMISTRY', 70, FALSE, 'TST-0062');
INSERT INTO public.tests (id, test_name, department, test_cost, include_comprehensive, test_code) VALUES ('1d3f0c7c-45f3-4f09-8c50-6925a1dfe0a5', 'CSF - C/S', 'MICROBIOLOGY', 70, FALSE, 'TST-0063');
INSERT INTO public.tests (id, test_name, department, test_cost, include_comprehensive, test_code) VALUES ('40e57794-2fa2-4e0d-a7de-86250a30cd1d', 'CYTOLOGY (Pap Smear, Urine, Ascitic Fluid, Sputum)', 'HISTOPATHOLOGY', 170, FALSE, 'TST-0064');
INSERT INTO public.tests (id, test_name, department, test_cost, include_comprehensive, test_code) VALUES ('44c98cde-cc09-47cf-a220-7ef95cb9e148', 'DEOXY RIBONUCLEIC ACID (DNA)', 'OTHER TESTS', 0, FALSE, 'TST-0065');
INSERT INTO public.tests (id, test_name, department, test_cost, include_comprehensive, test_code) VALUES ('7a6fa1df-efcc-473e-97b8-7212d23fbb87', 'DIFFERENTIAL WCC', 'HAEMATOLOGY', 20, FALSE, 'TST-0066');
INSERT INTO public.tests (id, test_name, department, test_cost, include_comprehensive, test_code) VALUES ('5c94c152-e501-4eb9-9632-3e7f143defcd', 'EAR SWAB C/S', 'MICROBIOLOGY', 70, FALSE, 'TST-0067');
INSERT INTO public.tests (id, test_name, department, test_cost, include_comprehensive, test_code) VALUES ('44b41d3f-e82b-4af8-aa1c-561ed9aafaad', 'EOSINOPHIL COUNT', 'HAEMATOLOGY', 0, FALSE, 'TST-0068');
INSERT INTO public.tests (id, test_name, department, test_cost, include_comprehensive, test_code) VALUES ('65f6c29a-1170-4328-993c-c2ffbbe9a28d', 'ERYTHROCYTE SEDIMENTATION RATE (ESR)', 'HAEMATOLOGY', 70, FALSE, 'TST-0069');
INSERT INTO public.tests (id, test_name, department, test_cost, include_comprehensive, test_code) VALUES ('ee5ce5fe-0524-4cb1-808a-6dc988e9b9b6', 'COMPREHENSIVE SCREENING', 'OTHER TESTS', 600, FALSE, 'TST-0070');
INSERT INTO public.tests (id, test_name, department, test_cost, include_comprehensive, test_code) VALUES ('c385188c-d88b-4396-9add-df53d1c22632', 'EYE SWAB C/S', 'MICROBIOLOGY', 100, FALSE, 'TST-0071');
INSERT INTO public.tests (id, test_name, department, test_cost, include_comprehensive, test_code) VALUES ('356bf694-f5bd-4121-b362-ed0a70b1d49f', 'FAECAL OCCULT BLOOD', 'MICROBIOLOGY', 100, FALSE, 'TST-0072');
INSERT INTO public.tests (id, test_name, department, test_cost, include_comprehensive, test_code) VALUES ('fb00ba89-5d7c-4b4a-92b8-1707a4a28af1', 'FERRITIN', 'BIOCHEMISTRY', 60, FALSE, 'TST-0073');
INSERT INTO public.tests (id, test_name, department, test_cost, include_comprehensive, test_code) VALUES ('a493f55e-4fc1-4c74-8b44-f90fbaf445b2', 'FOLLICLE STIMULATING HORMONE (FSH)', 'ENDOCRINOLOGY', 60, FALSE, 'TST-0074');
INSERT INTO public.tests (id, test_name, department, test_cost, include_comprehensive, test_code) VALUES ('8dd00416-33d0-4d76-bd34-81eaf86966bd', 'FOOD HANDLERS TESTS', 'OTHER TESTS', 0, FALSE, 'TST-0075');
INSERT INTO public.tests (id, test_name, department, test_cost, include_comprehensive, test_code) VALUES ('73ffc46b-2725-49ce-b7cc-b86584adaecc', 'ELECTROLYTES', 'BIOCHEMISTRY', 50, FALSE, 'TST-0076');
INSERT INTO public.tests (id, test_name, department, test_cost, include_comprehensive, test_code) VALUES ('e6ac0274-de6e-4579-9c50-e3c44916ab00', 'FULL BLOOD COUNT (FBC)', 'HAEMATOLOGY', 80, FALSE, 'TST-0077');
INSERT INTO public.tests (id, test_name, department, test_cost, include_comprehensive, test_code) VALUES ('6ec3b92f-6378-4d0c-85c9-4a13b31896f8', 'GCA (CA 19-9)', 'ENDOCRINOLOGY', 80, FALSE, 'TST-0078');
INSERT INTO public.tests (id, test_name, department, test_cost, include_comprehensive, test_code) VALUES ('1dc38cae-992a-4b41-85e6-a50766e51e98', 'LIVER FUNCTION TEST', 'BIOCHEMISTRY', 120, FALSE, 'TST-0079');
INSERT INTO public.tests (id, test_name, department, test_cost, include_comprehensive, test_code) VALUES ('8c64b9ff-bf48-4e7c-9e48-f1f94f920666', 'GASTRIC LAVAGE (ZN)', 'BACTERIOLOGY', 0, FALSE, 'TST-0080');
INSERT INTO public.tests (id, test_name, department, test_cost, include_comprehensive, test_code) VALUES ('3bf3fbaa-cdc6-4258-907f-a6460b384296', 'GIT MARKER CA 242', 'ENDOCRINOLOGY', 0, FALSE, 'TST-0081');
INSERT INTO public.tests (id, test_name, department, test_cost, include_comprehensive, test_code) VALUES ('699aec2c-ff56-4f24-81a7-9595328ff45f', 'GLOBULIN', 'BIOCHEMISTRY', 20, FALSE, 'TST-0082');
INSERT INTO public.tests (id, test_name, department, test_cost, include_comprehensive, test_code) VALUES ('5ede2800-0e63-4b86-b076-15ab8583b9b2', 'GLUCOSE (2 Hr.) P.P', 'BIOCHEMISTRY', 0, FALSE, 'TST-0083');
INSERT INTO public.tests (id, test_name, department, test_cost, include_comprehensive, test_code) VALUES ('b11c7386-6983-4d68-9555-40e4b711c64d', 'GLUCOSE POSTPRANDIAL', 'BIOCHEMISTRY', 40, FALSE, 'TST-0084');
INSERT INTO public.tests (id, test_name, department, test_cost, include_comprehensive, test_code) VALUES ('eb6d66c2-a81d-4ce2-9aa1-092e83cd9b2e', 'GLUCOSE PROFILE', 'BIOCHEMISTRY', 150, FALSE, 'TST-0085');
INSERT INTO public.tests (id, test_name, department, test_cost, include_comprehensive, test_code) VALUES ('a8b68719-eb4a-455c-8856-7df7623f30af', 'GLUCOSE TOLERANCE TEST (OGTT)', 'BIOCHEMISTRY', 85, FALSE, 'TST-0086');
INSERT INTO public.tests (id, test_name, department, test_cost, include_comprehensive, test_code) VALUES ('14915a9d-4ec9-40eb-9fad-281cc71a2bd6', 'HbA1c', 'BIOCHEMISTRY', 150, FALSE, 'TST-0087');
INSERT INTO public.tests (id, test_name, department, test_cost, include_comprehensive, test_code) VALUES ('4560236c-7393-41d7-8072-25422d54ccef', 'GROWTH HORMONE (GH)', 'ENDOCRINOLOGY', 60, FALSE, 'TST-0088');
INSERT INTO public.tests (id, test_name, department, test_cost, include_comprehensive, test_code) VALUES ('604b7ef0-f336-4664-8c26-cb9a49cfc965', 'GYNAECOMASTIA / GALACTORRHOEA PROFILE', 'ENDOCRINOLOGY', 220, FALSE, 'TST-0089');
INSERT INTO public.tests (id, test_name, department, test_cost, include_comprehensive, test_code) VALUES ('74cec375-6534-4c5d-b861-dc67d07c461c', 'H.I.V SCREENING CONFIRMATION', 'IMMUNOSEROLOGY', 35, FALSE, 'TST-0090');
INSERT INTO public.tests (id, test_name, department, test_cost, include_comprehensive, test_code) VALUES ('13c65b8e-4417-4460-a389-821307b0aaa7', 'H.I.V. 1 & 2 SCREENING', 'IMMUNOSEROLOGY', 30, FALSE, 'TST-0091');
INSERT INTO public.tests (id, test_name, department, test_cost, include_comprehensive, test_code) VALUES ('4234725b-0d8a-4d76-a9da-2ccc7698f9ee', 'H. PYLORI (STOOL) TEST', 'IMMUNOSEROLOGY', 100, FALSE, 'TST-0092');
INSERT INTO public.tests (id, test_name, department, test_cost, include_comprehensive, test_code) VALUES ('efecceaa-3ad0-40fe-a317-69e240f34dfa', 'H.C.G. (QUANTITATIVE)', 'ENDOCRINOLOGY', 60, FALSE, 'TST-0093');
INSERT INTO public.tests (id, test_name, department, test_cost, include_comprehensive, test_code) VALUES ('35582df4-678e-42c7-8ee4-94a95d45808c', 'HAEMATOCRIT (PCV)', 'HAEMATOLOGY', 10, FALSE, 'TST-0094');
INSERT INTO public.tests (id, test_name, department, test_cost, include_comprehensive, test_code) VALUES ('8a431752-108b-4392-baa0-4a20028ce45f', 'HAEMOGLOBIN', 'HAEMATOLOGY', 40, FALSE, 'TST-0095');
INSERT INTO public.tests (id, test_name, department, test_cost, include_comprehensive, test_code) VALUES ('cc9a4af2-2b05-45a5-9ec3-24e1c87ec1a6', 'HBsAg VALUE', 'SEROLOGY REPORT', 15, FALSE, 'TST-0096');
INSERT INTO public.tests (id, test_name, department, test_cost, include_comprehensive, test_code) VALUES ('fb5aa7c8-72c7-4c52-874e-4dd3640a5ef2', 'HDL CHOLESTEROL', 'BIOCHEMISTRY', 0, FALSE, 'TST-0097');
INSERT INTO public.tests (id, test_name, department, test_cost, include_comprehensive, test_code) VALUES ('f722816e-bef1-4001-b485-22f7e66fbde2', 'HEPATITIS A VIRUS', 'IMMUNOSEROLOGY', 50, FALSE, 'TST-0098');
INSERT INTO public.tests (id, test_name, department, test_cost, include_comprehensive, test_code) VALUES ('286386b9-52b7-439b-a74d-6e0514cd1d2d', 'HEPATITIS B PROFILE', 'IMMUNOSEROLOGY', 100, FALSE, 'TST-0099');
INSERT INTO public.tests (id, test_name, department, test_cost, include_comprehensive, test_code) VALUES ('456f9b2b-2d25-4ad4-b35a-e71285e9f4eb', 'HEPATITIS B VIRAL LOAD', 'SEROLOGY REPORT', 450, FALSE, 'TST-0100');
INSERT INTO public.tests (id, test_name, department, test_cost, include_comprehensive, test_code) VALUES ('9fff07f9-48f0-45db-863d-8082d92c0218', 'HEPATITIS B VIRUS (HBsAg)', 'IMMUNOSEROLOGY', 50, FALSE, 'TST-0101');
INSERT INTO public.tests (id, test_name, department, test_cost, include_comprehensive, test_code) VALUES ('ad2b9df1-facb-4f63-9e44-7e125b4d753d', 'HEPATITIS C VIRUS (HCV)', 'IMMUNOSEROLOGY', 50, FALSE, 'TST-0102');
INSERT INTO public.tests (id, test_name, department, test_cost, include_comprehensive, test_code) VALUES ('9423ca5b-2c0a-4b7f-9142-11788305b02b', 'HERPES SIMPLEX 1', 'IMMUNOSEROLOGY', 0, FALSE, 'TST-0103');
INSERT INTO public.tests (id, test_name, department, test_cost, include_comprehensive, test_code) VALUES ('658333f3-0ce5-43e6-b442-71fa0e85edd3', 'HERPES SIMPLEX 2', 'IMMUNOSEROLOGY', 0, FALSE, 'TST-0104');
INSERT INTO public.tests (id, test_name, department, test_cost, include_comprehensive, test_code) VALUES ('528931c1-94c5-464e-8c28-5ed52d92e2e9', 'HISTOLOGY - SMALL SPECIMEN', 'OTHER TESTS', 250, FALSE, 'TST-0105');
INSERT INTO public.tests (id, test_name, department, test_cost, include_comprehensive, test_code) VALUES ('8fd1afc6-f387-4859-ab75-72db9bd45db2', 'HISTOLOGY - LARGE SPECIMEN', 'OTHER TESTS', 350, FALSE, 'TST-0106');
INSERT INTO public.tests (id, test_name, department, test_cost, include_comprehensive, test_code) VALUES ('650fe065-fc32-4fce-ac32-daccbd033d33', 'HISTOLOGY - MEDIUM SPECIMEN', 'HISTOPATHOLOGY', 300, FALSE, 'TST-0107');
INSERT INTO public.tests (id, test_name, department, test_cost, include_comprehensive, test_code) VALUES ('e8fd7d31-c55b-48ca-b059-78799e6c8c37', 'HPV (HUMAN PAPILLOMAVIRUS)', 'IMMUNOSEROLOGY', 0, FALSE, 'TST-0108');
INSERT INTO public.tests (id, test_name, department, test_cost, include_comprehensive, test_code) VALUES ('a2369490-c456-47aa-9ba2-6fb42db58d66', 'HVS C/S', 'MICROBIOLOGY', 200, FALSE, 'TST-0109');
INSERT INTO public.tests (id, test_name, department, test_cost, include_comprehensive, test_code) VALUES ('00d5cbcc-1688-4b6c-a0f5-82378ed7d3a5', 'HVS R/E', 'MICROBIOLOGY', 50, FALSE, 'TST-0110');
INSERT INTO public.tests (id, test_name, department, test_cost, include_comprehensive, test_code) VALUES ('9da4aac9-df43-46ed-bfbe-2474f85025a1', 'IMPOTENCE / FRIGIDITY', 'ENDOCRINOLOGY', 0, FALSE, 'TST-0111');
INSERT INTO public.tests (id, test_name, department, test_cost, include_comprehensive, test_code) VALUES ('f5640777-5716-4880-8af9-9ca77844d8c1', 'HORMONAL PROFILE (FEMALE)', 'ENDOCRINOLOGY', 420, FALSE, 'TST-0112');
INSERT INTO public.tests (id, test_name, department, test_cost, include_comprehensive, test_code) VALUES ('9cefaeaf-0bf6-40f5-9431-06d769cf6da1', 'HORMONAL PROFILE (MALE)', 'ENDOCRINOLOGY', 420, FALSE, 'TST-0113');
INSERT INTO public.tests (id, test_name, department, test_cost, include_comprehensive, test_code) VALUES ('db8b9603-6bdc-43a6-90ac-2f051e9f56f7', 'INR', 'HAEMATOLOGY', 100, FALSE, 'TST-0114');
INSERT INTO public.tests (id, test_name, department, test_cost, include_comprehensive, test_code) VALUES ('5e5c709d-04f8-4ed8-b5f8-4776ed2341d9', 'INSULIN', 'ENDOCRINOLOGY', 65, FALSE, 'TST-0115');
INSERT INTO public.tests (id, test_name, department, test_cost, include_comprehensive, test_code) VALUES ('8905a8c1-ef2a-4162-96d8-2b8b2c173e1a', 'IRON', 'BIOCHEMISTRY', 20, FALSE, 'TST-0116');
INSERT INTO public.tests (id, test_name, department, test_cost, include_comprehensive, test_code) VALUES ('dd6a0cbb-6d66-4659-97ac-14a94a92b3e0', 'VDRL (SYPHILIS)', 'IMMUNOSEROLOGY', 50, FALSE, 'TST-0117');
INSERT INTO public.tests (id, test_name, department, test_cost, include_comprehensive, test_code) VALUES ('8a17701d-416d-40f2-969c-f321de19988b', 'KIDNEY FUNCTION TEST', 'BIOCHEMISTRY', 120, FALSE, 'TST-0118');
INSERT INTO public.tests (id, test_name, department, test_cost, include_comprehensive, test_code) VALUES ('f2513a9a-9e40-46d2-88e8-01b2ec3637dc', 'LDH', 'BIOCHEMISTRY', 40, FALSE, 'TST-0119');
INSERT INTO public.tests (id, test_name, department, test_cost, include_comprehensive, test_code) VALUES ('80055ec6-5b0e-4303-b73f-7063831e0347', 'LDL CHOLESTEROL', 'BIOCHEMISTRY', 20, FALSE, 'TST-0120');
INSERT INTO public.tests (id, test_name, department, test_cost, include_comprehensive, test_code) VALUES ('7aa826d9-18ab-483e-b6ac-dafdb78fc24b', 'LIPASE', 'BIOCHEMISTRY', 0, FALSE, 'TST-0121');
INSERT INTO public.tests (id, test_name, department, test_cost, include_comprehensive, test_code) VALUES ('81211c47-9a8e-48ae-9de2-72d977c13315', 'LIPID PROFILE', 'BIOCHEMISTRY', 120, FALSE, 'TST-0122');
INSERT INTO public.tests (id, test_name, department, test_cost, include_comprehensive, test_code) VALUES ('d546a2c6-ca4b-4c8e-837f-5020e163a380', 'LUTEINISING HORMONE (LH)', 'ENDOCRINOLOGY', 60, FALSE, 'TST-0123');
INSERT INTO public.tests (id, test_name, department, test_cost, include_comprehensive, test_code) VALUES ('7d1f1938-ef77-4fd4-87a5-7140ada4a993', 'MCH', 'HAEMATOLOGY', 0, FALSE, 'TST-0124');
INSERT INTO public.tests (id, test_name, department, test_cost, include_comprehensive, test_code) VALUES ('de6d4f0e-d3c7-4aa5-bed3-dde22c604264', 'MCHC', 'HAEMATOLOGY', 0, FALSE, 'TST-0125');
INSERT INTO public.tests (id, test_name, department, test_cost, include_comprehensive, test_code) VALUES ('81f13dd8-33c8-4b45-9ded-0041f93efd6e', 'MCV', 'HAEMATOLOGY', 0, FALSE, 'TST-0126');
INSERT INTO public.tests (id, test_name, department, test_cost, include_comprehensive, test_code) VALUES ('4411cdb8-2660-447a-8968-9bffda7f26a2', 'MAGNESIUM', 'BIOCHEMISTRY', 70, FALSE, 'TST-0127');
INSERT INTO public.tests (id, test_name, department, test_cost, include_comprehensive, test_code) VALUES ('1bcf016a-c996-481c-8a9c-6f9e49ccdd8a', 'BLOOD FILM FOR MALARIA PARASITES (MPS)', 'HAEMATOLOGY', 50, FALSE, 'TST-0128');
INSERT INTO public.tests (id, test_name, department, test_cost, include_comprehensive, test_code) VALUES ('ffb22fa5-f795-4f55-95e1-cada555fa09e', 'MANTOUX (TUBERCULIN PPD)', 'IMMUNOSEROLOGY', 30, FALSE, 'TST-0129');
INSERT INTO public.tests (id, test_name, department, test_cost, include_comprehensive, test_code) VALUES ('7edfa928-b4a7-4112-964f-bdbb270437c8', 'MENSTRUAL DISORDER PROFILE', 'ENDOCRINOLOGY', 300, FALSE, 'TST-0130');
INSERT INTO public.tests (id, test_name, department, test_cost, include_comprehensive, test_code) VALUES ('de76dcde-4b48-4b41-9f1c-6c9ca8be234a', 'MENSTRUAL DISORDER / VIRILISM', 'ENDOCRINOLOGY', 150, FALSE, 'TST-0131');
INSERT INTO public.tests (id, test_name, department, test_cost, include_comprehensive, test_code) VALUES ('7b0cec1a-1f5a-4ea1-a5fa-8fe170f0c61a', 'MICROALBUMIN', 'BIOCHEMISTRY', 40, FALSE, 'TST-0132');
INSERT INTO public.tests (id, test_name, department, test_cost, include_comprehensive, test_code) VALUES ('89c52828-8298-40e1-b049-c32d8550fae4', 'MICROFILARIA', 'PARASITOLOGY', 50, FALSE, 'TST-0133');
INSERT INTO public.tests (id, test_name, department, test_cost, include_comprehensive, test_code) VALUES ('add6b2db-7dac-4420-af39-bdddc2eabd41', 'NASAL SWAB C/S', 'MICROBIOLOGY', 70, FALSE, 'TST-0134');
INSERT INTO public.tests (id, test_name, department, test_cost, include_comprehensive, test_code) VALUES ('2a0de9ce-3a3b-4620-aa72-6ff615b87546', 'OESTRADIOL (E2)', 'ENDOCRINOLOGY', 50, FALSE, 'TST-0135');
INSERT INTO public.tests (id, test_name, department, test_cost, include_comprehensive, test_code) VALUES ('e688d50c-7452-414e-93d9-89a40b9cdaa7', 'OVARIAN MARKER CA 125', 'ENDOCRINOLOGY', 60, FALSE, 'TST-0136');
INSERT INTO public.tests (id, test_name, department, test_cost, include_comprehensive, test_code) VALUES ('258730b9-4bdb-411d-a085-7a09b8e9b2f8', 'OVULATION PROFILE', 'ENDOCRINOLOGY', 400, FALSE, 'TST-0137');
INSERT INTO public.tests (id, test_name, department, test_cost, include_comprehensive, test_code) VALUES ('d729756b-82ea-47aa-9f47-4808e1f5e284', 'PARTIAL THROMBOPLASTIN TIME', 'HAEMATOLOGY', 20, FALSE, 'TST-0138');
INSERT INTO public.tests (id, test_name, department, test_cost, include_comprehensive, test_code) VALUES ('f80b3cf1-6466-4bfa-8fae-b297fb143147', 'PCV (HAEMATOCRIT)', 'HAEMATOLOGY', 0, FALSE, 'TST-0139');
INSERT INTO public.tests (id, test_name, department, test_cost, include_comprehensive, test_code) VALUES ('21568b97-9cad-4302-8ab0-5d63e376abeb', 'PHOSPHORUS', 'BIOCHEMISTRY', 70, FALSE, 'TST-0140');
INSERT INTO public.tests (id, test_name, department, test_cost, include_comprehensive, test_code) VALUES ('1ddb248d-8119-48a7-9ccb-0bc4603a4264', 'PLATELET COUNT', 'HAEMATOLOGY', 20, FALSE, 'TST-0141');
INSERT INTO public.tests (id, test_name, department, test_cost, include_comprehensive, test_code) VALUES ('d857bfbb-cc66-4033-b71f-82077dcfbd54', 'PLEURAL FLUID BIOCHEMISTRY', 'BIOCHEMISTRY', 50, FALSE, 'TST-0142');
INSERT INTO public.tests (id, test_name, department, test_cost, include_comprehensive, test_code) VALUES ('fce88c84-f295-40f5-999a-251cb6bdb104', 'POTASSIUM (K+)', 'BIOCHEMISTRY', 20, FALSE, 'TST-0143');
INSERT INTO public.tests (id, test_name, department, test_cost, include_comprehensive, test_code) VALUES ('b81a441e-934c-4600-91a3-c6cec6de2c2c', 'PROGESTERONE', 'ENDOCRINOLOGY', 70, FALSE, 'TST-0144');
INSERT INTO public.tests (id, test_name, department, test_cost, include_comprehensive, test_code) VALUES ('632b95d0-6479-4ded-80aa-7432d06b52a1', 'PROLACTIN', 'ENDOCRINOLOGY', 60, FALSE, 'TST-0145');
INSERT INTO public.tests (id, test_name, department, test_cost, include_comprehensive, test_code) VALUES ('b149554b-fd4e-4b27-8751-a8088228142b', 'PROTHROMBIN TIME', 'HAEMATOLOGY', 25, FALSE, 'TST-0146');
INSERT INTO public.tests (id, test_name, department, test_cost, include_comprehensive, test_code) VALUES ('3ddcd837-b91c-4ed4-aad7-1eea68590bcd', 'PSA (Prostatic Specific Antigen)', 'TUMOUR MARKER', 200, FALSE, 'TST-0147');
INSERT INTO public.tests (id, test_name, department, test_cost, include_comprehensive, test_code) VALUES ('c9aaf1d9-d9b6-4472-a377-93d652d130fd', 'PUS M, C/S', 'MICROBIOLOGY', 70, FALSE, 'TST-0148');
INSERT INTO public.tests (id, test_name, department, test_cost, include_comprehensive, test_code) VALUES ('f942c17b-2a30-4a51-917f-2cc8d1dc8de7', 'RANDOM BLOOD SUGAR', 'BIOCHEMISTRY', 30, FALSE, 'TST-0149');
INSERT INTO public.tests (id, test_name, department, test_cost, include_comprehensive, test_code) VALUES ('c5824af2-66eb-4573-b6ec-2096aa54d2fa', 'RECTAL SWAB C/S', 'MICROBIOLOGY', 70, FALSE, 'TST-0150');
INSERT INTO public.tests (id, test_name, department, test_cost, include_comprehensive, test_code) VALUES ('3f3c0028-53a8-44d4-bbdb-e4e478b38e85', 'RETICULOCYTE COUNT', 'HAEMATOLOGY', 70, FALSE, 'TST-0151');
INSERT INTO public.tests (id, test_name, department, test_cost, include_comprehensive, test_code) VALUES ('90202bac-0a16-4f2c-babd-60d398214150', 'RHEUMATOID FACTOR', 'IMMUNOSEROLOGY', 80, FALSE, 'TST-0152');
INSERT INTO public.tests (id, test_name, department, test_cost, include_comprehensive, test_code) VALUES ('b65b81a2-7298-4316-a0cb-3ed8601ade7b', 'ROTAVIRUS', 'IMMUNOSEROLOGY', 0, FALSE, 'TST-0153');
INSERT INTO public.tests (id, test_name, department, test_cost, include_comprehensive, test_code) VALUES ('40ebae2b-0116-4e25-91c4-b543ea499e9a', 'SEMINAL FLUID ANALYSIS', 'MICROBIOLOGY', 70, FALSE, 'TST-0154');
INSERT INTO public.tests (id, test_name, department, test_cost, include_comprehensive, test_code) VALUES ('9bf12edf-defb-4236-a7fa-eb0699b72f43', 'SEMINAL FLUID C/S', 'MICROBIOLOGY', 70, FALSE, 'TST-0155');
INSERT INTO public.tests (id, test_name, department, test_cost, include_comprehensive, test_code) VALUES ('c56d2c50-fcc8-48ff-a68d-a8144fa3476d', 'SICKLING TEST', 'HAEMATOLOGY', 50, FALSE, 'TST-0156');
INSERT INTO public.tests (id, test_name, department, test_cost, include_comprehensive, test_code) VALUES ('d65caec0-5d5d-45f7-acc3-efdfcca5e277', 'SKIN SCRAPPING FOR FUNGAL ELEMENTS', 'MICROBIOLOGY', 50, FALSE, 'TST-0157');
INSERT INTO public.tests (id, test_name, department, test_cost, include_comprehensive, test_code) VALUES ('6542fb34-711e-4824-8c29-cf3519b496c8', 'SKIN SNIP FOR ONCHO', 'PARASITOLOGY', 40, FALSE, 'TST-0158');
INSERT INTO public.tests (id, test_name, department, test_cost, include_comprehensive, test_code) VALUES ('bee9e8d7-c368-48fb-8cf1-3de92daf344d', 'SODIUM (Na+)', 'BIOCHEMISTRY', 20, FALSE, 'TST-0159');
INSERT INTO public.tests (id, test_name, department, test_cost, include_comprehensive, test_code) VALUES ('987a5ae6-bc36-4184-af27-80737ad40515', 'SPUTUM - MICRO, CULTURE & SENSITIVITY', 'MICROBIOLOGY', 70, FALSE, 'TST-0160');
INSERT INTO public.tests (id, test_name, department, test_cost, include_comprehensive, test_code) VALUES ('d235cf01-6981-4f5e-bc10-c5723aece1ab', 'SPUTUM ZN FOR AFB', 'MICROBIOLOGY', 40, FALSE, 'TST-0161');
INSERT INTO public.tests (id, test_name, department, test_cost, include_comprehensive, test_code) VALUES ('172f4d1b-86f1-44bc-ae21-01e14d1ac333', 'STI PROFILE', 'IMMUNOSEROLOGY', 110, FALSE, 'TST-0162');
INSERT INTO public.tests (id, test_name, department, test_cost, include_comprehensive, test_code) VALUES ('b97ba2e6-bc9c-4a49-8bee-b3e7e40bf535', 'STOOL CULTURE & SENSITIVITY', 'MICROBIOLOGY', 120, FALSE, 'TST-0163');
INSERT INTO public.tests (id, test_name, department, test_cost, include_comprehensive, test_code) VALUES ('7071bff9-ded5-43ce-bb34-1ead1fb5f02a', 'STOOL R/E', 'PARASITOLOGY', 50, FALSE, 'TST-0164');
INSERT INTO public.tests (id, test_name, department, test_cost, include_comprehensive, test_code) VALUES ('fcb74270-695e-44bf-8364-5a8940a03b07', 'SYNOVIAL FLUID C/S', 'MICROBIOLOGY', 70, FALSE, 'TST-0165');
INSERT INTO public.tests (id, test_name, department, test_cost, include_comprehensive, test_code) VALUES ('79f2169e-1586-46a0-b49d-1ec511db0dfb', 'T.P.H.A (SYPHILIS)', 'IMMUNOSEROLOGY', 30, FALSE, 'TST-0166');
INSERT INTO public.tests (id, test_name, department, test_cost, include_comprehensive, test_code) VALUES ('9c8e8eb4-edd9-4de3-ad5f-1a714ca2c23c', 'TESTOSTERONE', 'ENDOCRINOLOGY', 70, FALSE, 'TST-0167');
INSERT INTO public.tests (id, test_name, department, test_cost, include_comprehensive, test_code) VALUES ('66f53c8b-4b19-4481-9726-dba64aaba77d', 'THROAT SWAB C/S', 'MICROBIOLOGY', 100, FALSE, 'TST-0168');
INSERT INTO public.tests (id, test_name, department, test_cost, include_comprehensive, test_code) VALUES ('6d040124-bb39-4050-8c34-ed671ed6950d', 'THYROID FUNCTION TEST (TOTAL)', 'ENDOCRINOLOGY', 250, FALSE, 'TST-0169');
INSERT INTO public.tests (id, test_name, department, test_cost, include_comprehensive, test_code) VALUES ('2e3c3049-dab6-43fa-b723-61aaef69c897', 'THYROID FUNCTION TEST (FREE)', 'ENDOCRINOLOGY', 250, FALSE, 'TST-0170');
INSERT INTO public.tests (id, test_name, department, test_cost, include_comprehensive, test_code) VALUES ('3443c10a-933c-40b0-99b5-8e804629cb4f', 'THYROTROPHIN (TSH)', 'ENDOCRINOLOGY', 60, FALSE, 'TST-0171');
INSERT INTO public.tests (id, test_name, department, test_cost, include_comprehensive, test_code) VALUES ('c9db1207-ff07-4d1d-a234-c7a74441f28a', 'THYROXINE (T4)', 'ENDOCRINOLOGY', 60, FALSE, 'TST-0172');
INSERT INTO public.tests (id, test_name, department, test_cost, include_comprehensive, test_code) VALUES ('301f64e9-7786-4d85-8114-ae4f8fd36c31', 'TONGUE SWAB C/S', 'MICROBIOLOGY', 70, FALSE, 'TST-0173');
INSERT INTO public.tests (id, test_name, department, test_cost, include_comprehensive, test_code) VALUES ('ff6cf0c7-6b6c-4482-a405-95c15f022fcc', 'TOTAL CHOLESTEROL', 'BIOCHEMISTRY', 30, FALSE, 'TST-0174');
INSERT INTO public.tests (id, test_name, department, test_cost, include_comprehensive, test_code) VALUES ('a041f177-338e-4c4b-817e-b6478b2f2262', 'TOTAL IRON BINDING CAPACITY (TIBC)', 'BIOCHEMISTRY', 0, FALSE, 'TST-0175');
INSERT INTO public.tests (id, test_name, department, test_cost, include_comprehensive, test_code) VALUES ('c5a9feba-762d-4a0f-847e-12add1adcd6a', 'TOTAL PROTEIN', 'BIOCHEMISTRY', 20, FALSE, 'TST-0176');
INSERT INTO public.tests (id, test_name, department, test_cost, include_comprehensive, test_code) VALUES ('955c5318-08cc-4b7f-9ccf-ce237e6b2503', 'TOXOPLASMA (IgG)', 'IMMUNOSEROLOGY', 55, FALSE, 'TST-0177');
INSERT INTO public.tests (id, test_name, department, test_cost, include_comprehensive, test_code) VALUES ('83cd4ae7-12f5-42e4-a125-525338a1484a', 'TOXOPLASMA (IgM)', 'IMMUNOSEROLOGY', 55, FALSE, 'TST-0178');
INSERT INTO public.tests (id, test_name, department, test_cost, include_comprehensive, test_code) VALUES ('6b814275-42f3-4131-aec6-079efa128044', 'TRIGLYCERIDES', 'BIOCHEMISTRY', 20, FALSE, 'TST-0179');
INSERT INTO public.tests (id, test_name, department, test_cost, include_comprehensive, test_code) VALUES ('491f0b26-27b4-482c-ab9c-3b99e215b94a', 'TRIIODOTHYRONINE (T3)', 'ENDOCRINOLOGY', 60, FALSE, 'TST-0180');
INSERT INTO public.tests (id, test_name, department, test_cost, include_comprehensive, test_code) VALUES ('8c21bd95-b897-437f-91f3-903200d9b2c0', 'TROPONIN-I (QUALITATIVE)', 'BIOCHEMISTRY', 70, FALSE, 'TST-0181');
INSERT INTO public.tests (id, test_name, department, test_cost, include_comprehensive, test_code) VALUES ('9e76820d-c471-42a7-8dd0-1598c900dc70', 'TRYPANOSOMES', 'HAEMATOLOGY', 30, FALSE, 'TST-0182');
INSERT INTO public.tests (id, test_name, department, test_cost, include_comprehensive, test_code) VALUES ('812f0739-19f5-4185-a30b-10f9e222f59e', 'UREA', 'BIOCHEMISTRY', 20, FALSE, 'TST-0183');
INSERT INTO public.tests (id, test_name, department, test_cost, include_comprehensive, test_code) VALUES ('2e0781ae-2d0c-4fa8-b811-4ad2eed1a873', 'UREA & CREATININE', 'BIOCHEMISTRY', 50, FALSE, 'TST-0184');
INSERT INTO public.tests (id, test_name, department, test_cost, include_comprehensive, test_code) VALUES ('036d59af-a4aa-40ba-8255-fb11f1a9f04e', 'URETHRAL SWAB M, C/S', 'MICROBIOLOGY', 120, FALSE, 'TST-0185');
INSERT INTO public.tests (id, test_name, department, test_cost, include_comprehensive, test_code) VALUES ('d85352fb-c029-4c5f-86b9-e191d8d103b6', 'URIC ACID', 'BIOCHEMISTRY', 70, FALSE, 'TST-0186');
INSERT INTO public.tests (id, test_name, department, test_cost, include_comprehensive, test_code) VALUES ('6298e6c4-ba73-4db4-a4ec-f91f9e14ca5b', 'URINE C/S', 'MICROBIOLOGY', 120, FALSE, 'TST-0187');
INSERT INTO public.tests (id, test_name, department, test_cost, include_comprehensive, test_code) VALUES ('9fbf4d18-f0d3-41ae-8d31-c091d319392d', 'URINE PREGNANCY TEST', 'OTHERS', 10, FALSE, 'TST-0188');
INSERT INTO public.tests (id, test_name, department, test_cost, include_comprehensive, test_code) VALUES ('5ccc51a4-8bc5-4201-99e5-aa6e6f433877', 'URINE R/E & C/S', 'MICROBIOLOGY', 130, FALSE, 'TST-0189');
INSERT INTO public.tests (id, test_name, department, test_cost, include_comprehensive, test_code) VALUES ('bf22b27c-d4a0-4d06-98e9-5b45fd6bd194', 'URINALYSIS', 'BIOCHEMISTRY', 50, FALSE, 'TST-0190');
INSERT INTO public.tests (id, test_name, department, test_cost, include_comprehensive, test_code) VALUES ('67f73d7d-3a31-4c9d-b997-5a4e39356084', 'URINE SUGAR', 'BIOCHEMISTRY', 0, FALSE, 'TST-0191');
INSERT INTO public.tests (id, test_name, department, test_cost, include_comprehensive, test_code) VALUES ('d35e2ea2-8139-4179-86e8-9ae626a2975f', 'V.D.R.L', 'IMMUNOSEROLOGY', 50, FALSE, 'TST-0192');
INSERT INTO public.tests (id, test_name, department, test_cost, include_comprehensive, test_code) VALUES ('c0cd0286-18d4-4a0e-a366-42d2b7726137', 'HIV VIRAL LOAD', 'MICROBIOLOGY', 400, FALSE, 'TST-0193');
INSERT INTO public.tests (id, test_name, department, test_cost, include_comprehensive, test_code) VALUES ('a196e084-a0a1-4878-8243-00572dd21550', 'WBC', 'HAEMATOLOGY', 15, FALSE, 'TST-0194');
INSERT INTO public.tests (id, test_name, department, test_cost, include_comprehensive, test_code) VALUES ('0fcaa168-c549-4c1f-b007-c9d0c4459d56', 'WIDAL TEST', 'IMMUNOSEROLOGY', 50, FALSE, 'TST-0195');
INSERT INTO public.tests (id, test_name, department, test_cost, include_comprehensive, test_code) VALUES ('f88da97c-90dc-4fb6-941d-52fc7c5a76f3', 'WOUND SWAB C/S', 'MICROBIOLOGY', 120, FALSE, 'TST-0196');
INSERT INTO public.tests (id, test_name, department, test_cost, include_comprehensive, test_code) VALUES ('0b71d5a2-0872-4dbc-a349-746f50705ce4', 'LIVER FUNCTION TEST (EXTENDED)', 'BIOCHEMISTRY', 0, FALSE, 'TST-0197');
INSERT INTO public.tests (id, test_name, department, test_cost, include_comprehensive, test_code) VALUES ('97f70417-a653-43cb-8e14-4565c2a20210', 'PLEURAL FLUID C/S', 'BACTERIOLOGY', 70, FALSE, 'TST-0198');
INSERT INTO public.tests (id, test_name, department, test_cost, include_comprehensive, test_code) VALUES ('6456d589-69dd-4329-885b-fcee80d99a87', 'D-DIMER', 'HAEMATOLOGY', 300, FALSE, 'TST-0199');
INSERT INTO public.tests (id, test_name, department, test_cost, include_comprehensive, test_code) VALUES ('61bd2d2b-8960-459c-b4a8-819f1b39f366', 'TROPONIN C1', 'BIOCHEMISTRY', 40, FALSE, 'TST-0200');
INSERT INTO public.tests (id, test_name, department, test_cost, include_comprehensive, test_code) VALUES ('bd79a5da-8118-4dd8-bcf0-36d0fa70e859', 'HEPATITIS B cAb', 'IMMUNOSEROLOGY', 60, FALSE, 'TST-0201');
INSERT INTO public.tests (id, test_name, department, test_cost, include_comprehensive, test_code) VALUES ('f107a1c8-a5af-474e-a3fc-89009f3a12b3', 'HBcIgM', 'IMMUNOSEROLOGY', 60, FALSE, 'TST-0202');
INSERT INTO public.tests (id, test_name, department, test_cost, include_comprehensive, test_code) VALUES ('27607172-90f0-44ed-9063-c9503daf0403', 'H.I.V - 1', 'IMMUNOSEROLOGY', 35, FALSE, 'TST-0203');
INSERT INTO public.tests (id, test_name, department, test_cost, include_comprehensive, test_code) VALUES ('7c0fe6e8-c488-4d10-bc65-7476257e8149', 'H.I.V - 1 (Alt)', 'IMMUNOSEROLOGY', 35, FALSE, 'TST-0204');
INSERT INTO public.tests (id, test_name, department, test_cost, include_comprehensive, test_code) VALUES ('06c36559-1130-4ef1-bd18-755eec7167b7', 'H.I.V 2', 'IMMUNOSEROLOGY', 35, FALSE, 'TST-0205');
INSERT INTO public.tests (id, test_name, department, test_cost, include_comprehensive, test_code) VALUES ('31b6ae5b-100a-470d-b8cc-c1731459f0d2', 'CREATININE CLEARANCE', 'BIOCHEMISTRY', 30, FALSE, 'TST-0206');
INSERT INTO public.tests (id, test_name, department, test_cost, include_comprehensive, test_code) VALUES ('a00fc80a-6792-44ce-a7f0-192438481fae', 'eGFR', 'BIOCHEMISTRY', 20, FALSE, 'TST-0207');
INSERT INTO public.tests (id, test_name, department, test_cost, include_comprehensive, test_code) VALUES ('5c9fa389-7a5b-49a2-8ac3-ea1ad516fd82', 'BICARBONATE (HCO3)', 'BIOCHEMISTRY', 20, FALSE, 'TST-0208');
INSERT INTO public.tests (id, test_name, department, test_cost, include_comprehensive, test_code) VALUES ('adbeaa43-31da-494a-94cd-4c512f2cc87d', 'RETROSCREENING (HIV)', 'IMMUNOSEROLOGY', 70, FALSE, 'TST-0209');
INSERT INTO public.tests (id, test_name, department, test_cost, include_comprehensive, test_code) VALUES ('b04d68b9-784b-45d6-aca4-6fcc4e93efac', 'Anti-HBc Total Antibody', 'IMMUNOSEROLOGY', 80, FALSE, 'TST-0210');
INSERT INTO public.tests (id, test_name, department, test_cost, include_comprehensive, test_code) VALUES ('82f6d415-6af7-4c4f-ac24-01a3ad5fb9ad', 'IONIZED CALCIUM (iCa)', 'BIOCHEMISTRY', 30, FALSE, 'TST-0211');
INSERT INTO public.tests (id, test_name, department, test_cost, include_comprehensive, test_code) VALUES ('da41ebb7-050e-4a37-ae3a-92f7c4f2b00b', 'TROPONIN I', 'BIOCHEMISTRY', 200, FALSE, 'TST-0212');
INSERT INTO public.tests (id, test_name, department, test_cost, include_comprehensive, test_code) VALUES ('6a6616a9-a39d-4adf-a98d-43637165279b', 'HEPATITIS B CORE TOTAL ANTIBODY', 'IMMUNOSEROLOGY', 100, FALSE, 'TST-0213');
INSERT INTO public.tests (id, test_name, department, test_cost, include_comprehensive, test_code) VALUES ('35ea9218-1a4a-458f-9552-7e85897888e0', 'H.I.V', 'IMMUNOSEROLOGY', 80, FALSE, 'TST-0214');
INSERT INTO public.tests (id, test_name, department, test_cost, include_comprehensive, test_code) VALUES ('d8411a88-4942-43d0-adcd-3dd9f16e2ed1', 'COOMBS TEST (DIRECT)', 'HAEMATOLOGY', 70, FALSE, 'TST-0215');
INSERT INTO public.tests (id, test_name, department, test_cost, include_comprehensive, test_code) VALUES ('09953bfc-03c0-4486-a556-edb6000d6566', 'OBSTETRICS SCAN', 'SCAN', 50, FALSE, 'TST-0216');
INSERT INTO public.tests (id, test_name, department, test_cost, include_comprehensive, test_code) VALUES ('08b717ad-7f9a-4206-b6ac-5401597ad8b1', 'GYNAECOLOGICAL ULTRASOUND SCAN', 'SCAN', 0, FALSE, 'TST-0217');
INSERT INTO public.tests (id, test_name, department, test_cost, include_comprehensive, test_code) VALUES ('794c2e1f-f80f-40fc-87f4-b1c4a8083376', 'ABDOMINAL USG', 'SCAN', 120, FALSE, 'TST-0218');
INSERT INTO public.tests (id, test_name, department, test_cost, include_comprehensive, test_code) VALUES ('b3138081-61b8-40f7-9b2e-f58641b5b779', 'PELVIC USG SCAN', 'SCAN', 50, FALSE, 'TST-0219');
INSERT INTO public.tests (id, test_name, department, test_cost, include_comprehensive, test_code) VALUES ('78ae623d-695d-4053-b97d-ee56027b26d9', 'PERITONEAL FLUID UREA', 'BIOCHEMISTRY', 50, FALSE, 'TST-0220');
INSERT INTO public.tests (id, test_name, department, test_cost, include_comprehensive, test_code) VALUES ('53beb0ea-9304-4f2f-b83c-6a0c0eb4c8d0', 'CA 19-9', 'TUMOUR MARKER', 150, FALSE, 'TST-0221');
INSERT INTO public.tests (id, test_name, department, test_cost, include_comprehensive, test_code) VALUES ('609fbe33-6d18-43d4-95be-55dd13c3c2af', 'TYPHOID TEST', 'IMMUNOSEROLOGY', 60, FALSE, 'TST-0222');
INSERT INTO public.tests (id, test_name, department, test_cost, include_comprehensive, test_code) VALUES ('b2bec782-55de-4cef-bf5c-9ec6fa519405', 'GONORRHOEA RDT', 'IMMUNOSEROLOGY', 70, FALSE, 'TST-0223');

INSERT INTO public.parameters (id, parameter_name, units, reference_range, parameter_code) VALUES ('4abe44fd-1a43-483e-9710-5dfb915ec9b4', 'A.N.F', NULL, NULL, 'P001');
INSERT INTO public.test_parameters (test_id, parameter_id, sort_order) VALUES ('b3e74489-52d0-466d-83ee-47470ea21b4e', '4abe44fd-1a43-483e-9710-5dfb915ec9b4', 0);
INSERT INTO public.parameters (id, parameter_name, units, reference_range, parameter_code) VALUES ('9fc0b81f-f395-44d6-b65c-191b1d646004', 'DILUTION - 1:32', NULL, NULL, 'P002');
INSERT INTO public.test_parameters (test_id, parameter_id, sort_order) VALUES ('0879d816-b76a-4883-a692-bc4f510c225b', '9fc0b81f-f395-44d6-b65c-191b1d646004', 0);
INSERT INTO public.parameters (id, parameter_name, units, reference_range, parameter_code) VALUES ('c26969ac-c84d-4bf8-986d-a9e43a6aba41', 'GRAM STAIN', NULL, NULL, 'P003');
INSERT INTO public.test_parameters (test_id, parameter_id, sort_order) VALUES ('fe89536f-5ebf-410b-a7be-9871d51c0e38', 'c26969ac-c84d-4bf8-986d-a9e43a6aba41', 0);
INSERT INTO public.parameters (id, parameter_name, units, reference_range, parameter_code) VALUES ('6f282602-1199-4d5d-b1b8-4d63935ea20a', 'ZN STAIN', NULL, NULL, 'P004');
INSERT INTO public.test_parameters (test_id, parameter_id, sort_order) VALUES ('16a7e289-8a59-4607-b9e1-3765ddc873ea', '6f282602-1199-4d5d-b1b8-4d63935ea20a', 0);
INSERT INTO public.parameters (id, parameter_name, units, reference_range, parameter_code) VALUES ('e711dfd7-d9c6-4d4d-830e-15736cbdfdca', '13th Day FSH', 'IU/L', 'Follicular: 2.0 - 12', 'P005');
INSERT INTO public.test_parameters (test_id, parameter_id, sort_order) VALUES ('258730b9-4bdb-411d-a085-7a09b8e9b2f8', 'e711dfd7-d9c6-4d4d-830e-15736cbdfdca', 0);
INSERT INTO public.parameters (id, parameter_name, units, reference_range, parameter_code) VALUES ('2245788d-d399-42f8-b1fb-21e9e601bdfe', '2 HOUR GLUCOSE', 'mmol/L', '< 7.8  |  7.8–11.0 = Impaired Glucose Tolerance  |  > 11.1 = Diabetes', 'P006');
INSERT INTO public.test_parameters (test_id, parameter_id, sort_order) VALUES ('a8b68719-eb4a-455c-8856-7df7623f30af', '2245788d-d399-42f8-b1fb-21e9e601bdfe', 0);
INSERT INTO public.parameters (id, parameter_name, units, reference_range, parameter_code) VALUES ('8a50c634-bb81-4ffd-a2e7-16bb7f9b49a8', 'H.C.G.', 'mIU/ml', 'Normal serum: 0–5  |  1st Week: 10–30  |  2nd–3rd Week: 30–1,000', 'P007');
INSERT INTO public.test_parameters (test_id, parameter_id, sort_order) VALUES ('efecceaa-3ad0-40fe-a317-69e240f34dfa', '8a50c634-bb81-4ffd-a2e7-16bb7f9b49a8', 0);
INSERT INTO public.parameters (id, parameter_name, units, reference_range, parameter_code) VALUES ('2284150f-ea57-459b-b146-c5fdf66f1d81', 'LH', 'lU/L', 'Follicular: 1.0–10.0  |  Midcycle: 10–150  |  Luteal: 1.0–10.0  |  P.Menopausal: 8.0–40.8', 'P008');
INSERT INTO public.test_parameters (test_id, parameter_id, sort_order) VALUES ('7edfa928-b4a7-4112-964f-bdbb270437c8', '2284150f-ea57-459b-b146-c5fdf66f1d81', 0);
INSERT INTO public.parameters (id, parameter_name, units, reference_range, parameter_code) VALUES ('454a00f4-8adf-4568-bf71-91675b706aef', 'Free T4', 'ng/ml', '0.5 - 2.0', 'P009');
INSERT INTO public.test_parameters (test_id, parameter_id, sort_order) VALUES ('de76dcde-4b48-4b41-9f1c-6c9ca8be234a', '454a00f4-8adf-4568-bf71-91675b706aef', 0);
INSERT INTO public.parameters (id, parameter_name, units, reference_range, parameter_code) VALUES ('0916e655-24d4-4b2f-bb02-dc76884c8244', 'Spermatozoa', NULL, NULL, 'P010');
INSERT INTO public.test_parameters (test_id, parameter_id, sort_order) VALUES ('7183ddf5-a246-4d9e-a630-9cfa15c34619', '0916e655-24d4-4b2f-bb02-dc76884c8244', 0);
INSERT INTO public.parameters (id, parameter_name, units, reference_range, parameter_code) VALUES ('6b1c1d7f-1241-455b-a826-fc485977df47', 'COOMBS TEST', NULL, NULL, 'P011');
INSERT INTO public.test_parameters (test_id, parameter_id, sort_order) VALUES ('9ccf156c-8fce-4666-b573-603f8d25356e', '6b1c1d7f-1241-455b-a826-fc485977df47', 0);
INSERT INTO public.parameters (id, parameter_name, units, reference_range, parameter_code) VALUES ('0d48b70a-6dba-4c1a-9198-36890744f63a', 'CELL TYPE', NULL, NULL, 'P012');
INSERT INTO public.test_parameters (test_id, parameter_id, sort_order) VALUES ('1d3f0c7c-45f3-4f09-8c50-6925a1dfe0a5', '0d48b70a-6dba-4c1a-9198-36890744f63a', 0);
INSERT INTO public.parameters (id, parameter_name, units, reference_range, parameter_code) VALUES ('b29dac64-4c75-4210-bafc-1d0b89f39068', 'ANTIBIOTIC SENSITIVITY', NULL, NULL, 'P013');
INSERT INTO public.test_parameters (test_id, parameter_id, sort_order) VALUES ('5c94c152-e501-4eb9-9632-3e7f143defcd', 'b29dac64-4c75-4210-bafc-1d0b89f39068', 0);
INSERT INTO public.parameters (id, parameter_name, units, reference_range, parameter_code) VALUES ('ebe67b2d-2156-4349-9fba-964bcd086141', 'COTRIMOXAZOLE', NULL, NULL, 'P014');
INSERT INTO public.test_parameters (test_id, parameter_id, sort_order) VALUES ('5c94c152-e501-4eb9-9632-3e7f143defcd', 'ebe67b2d-2156-4349-9fba-964bcd086141', 1);
INSERT INTO public.parameters (id, parameter_name, units, reference_range, parameter_code) VALUES ('34d8b23a-301b-4ba5-b88e-bd51a36d95d9', 'Macroscopy', NULL, NULL, 'P015');
INSERT INTO public.test_parameters (test_id, parameter_id, sort_order) VALUES ('ee5ce5fe-0524-4cb1-808a-6dc988e9b9b6', '34d8b23a-301b-4ba5-b88e-bd51a36d95d9', 0);
INSERT INTO public.parameters (id, parameter_name, units, reference_range, parameter_code) VALUES ('932f74a8-d5d5-4f8b-9edc-a197aa70b231', '14th Day LH', 'IU/L', 'Midcycle: 10 - 150', 'P016');
INSERT INTO public.test_parameters (test_id, parameter_id, sort_order) VALUES ('258730b9-4bdb-411d-a085-7a09b8e9b2f8', '932f74a8-d5d5-4f8b-9edc-a197aa70b231', 1);
INSERT INTO public.parameters (id, parameter_name, units, reference_range, parameter_code) VALUES ('3276484e-4fd9-4808-b2a1-720cca31ab0e', 'D-DIMER', 'ug/mL', '0.0 - 0.50', 'P017');
INSERT INTO public.test_parameters (test_id, parameter_id, sort_order) VALUES ('6456d589-69dd-4329-885b-fcee80d99a87', '3276484e-4fd9-4808-b2a1-720cca31ab0e', 0);
INSERT INTO public.parameters (id, parameter_name, units, reference_range, parameter_code) VALUES ('1b13e225-3739-4065-b0e0-b2643f572694', 'Urobilinogen', NULL, NULL, 'P018');
INSERT INTO public.test_parameters (test_id, parameter_id, sort_order) VALUES ('ee5ce5fe-0524-4cb1-808a-6dc988e9b9b6', '1b13e225-3739-4065-b0e0-b2643f572694', 1);
INSERT INTO public.parameters (id, parameter_name, units, reference_range, parameter_code) VALUES ('2cc0b47a-0428-4704-bf3d-7d9160b133c6', 'PROL', 'mIU/L', 'Follicular: 46–545  |  Luteal: 115–745', 'P019');
INSERT INTO public.test_parameters (test_id, parameter_id, sort_order) VALUES ('258730b9-4bdb-411d-a085-7a09b8e9b2f8', '2cc0b47a-0428-4704-bf3d-7d9160b133c6', 2);
INSERT INTO public.parameters (id, parameter_name, units, reference_range, parameter_code) VALUES ('b9dd6384-7243-42ef-b1ba-812c98e85ca6', 'TROPONIN C1', 'ng/ml', '0.0 - 1.0', 'P020');
INSERT INTO public.test_parameters (test_id, parameter_id, sort_order) VALUES ('61bd2d2b-8960-459c-b4a8-819f1b39f366', 'b9dd6384-7243-42ef-b1ba-812c98e85ca6', 0);
INSERT INTO public.parameters (id, parameter_name, units, reference_range, parameter_code) VALUES ('01bf6fd7-4bd7-49a7-b278-03e8f771944b', 'PROG', 'ng/ml', 'Follicular: 0.5–6.5  |  Luteal: 8.0–87  |  P.Menopause: 0.5–5.2  |  Male: 0.5–5.2', 'P021');
INSERT INTO public.test_parameters (test_id, parameter_id, sort_order) VALUES ('b81a441e-934c-4600-91a3-c6cec6de2c2c', '01bf6fd7-4bd7-49a7-b278-03e8f771944b', 0);
INSERT INTO public.parameters (id, parameter_name, units, reference_range, parameter_code) VALUES ('9a0a9eeb-51b4-4ad4-87b2-54b74ab127ad', 'TIBC', 'umol/L', '45 - 70', 'P022');
INSERT INTO public.test_parameters (test_id, parameter_id, sort_order) VALUES ('a041f177-338e-4c4b-817e-b6478b2f2262', '9a0a9eeb-51b4-4ad4-87b2-54b74ab127ad', 0);
INSERT INTO public.parameters (id, parameter_name, units, reference_range, parameter_code) VALUES ('46c3febf-0598-4116-8105-99116d585cd5', 'URIC ACID', 'umol/L', 'Male: 202.23–416.36  |  Female: 142.80–339.04', 'P023');
INSERT INTO public.test_parameters (test_id, parameter_id, sort_order) VALUES ('d85352fb-c029-4c5f-86b9-e191d8d103b6', '46c3febf-0598-4116-8105-99116d585cd5', 0);
INSERT INTO public.parameters (id, parameter_name, units, reference_range, parameter_code) VALUES ('f36029db-ecc6-4181-8a27-540c853549a8', 'PAP SMEAR', NULL, NULL, 'P024');
INSERT INTO public.test_parameters (test_id, parameter_id, sort_order) VALUES ('5dc1b3c8-b0b2-4f5e-a491-bde80ebce8bf', 'f36029db-ecc6-4181-8a27-540c853549a8', 0);
INSERT INTO public.parameters (id, parameter_name, units, reference_range, parameter_code) VALUES ('4d7d7da1-2736-414f-9db9-b3db083b5d55', 'BICARBONATE (HCO3)', 'mmol/L', '22 - 29', 'P025');
INSERT INTO public.test_parameters (test_id, parameter_id, sort_order) VALUES ('5c9fa389-7a5b-49a2-8ac3-ea1ad516fd82', '4d7d7da1-2736-414f-9db9-b3db083b5d55', 0);
INSERT INTO public.parameters (id, parameter_name, units, reference_range, parameter_code) VALUES ('f1a60017-504d-4df3-abdc-cdeb4fe08c6b', 'Estimated Fetal Weight', NULL, NULL, 'P026');
INSERT INTO public.test_parameters (test_id, parameter_id, sort_order) VALUES ('09953bfc-03c0-4486-a556-edb6000d6566', 'f1a60017-504d-4df3-abdc-cdeb4fe08c6b', 0);
INSERT INTO public.parameters (id, parameter_name, units, reference_range, parameter_code) VALUES ('94d7a6f5-44a7-4710-bd13-6e1e28d63591', 'Estimated Date of Delivery', NULL, NULL, 'P027');
INSERT INTO public.test_parameters (test_id, parameter_id, sort_order) VALUES ('09953bfc-03c0-4486-a556-edb6000d6566', '94d7a6f5-44a7-4710-bd13-6e1e28d63591', 1);
INSERT INTO public.parameters (id, parameter_name, units, reference_range, parameter_code) VALUES ('b572eb8f-10ed-4ab5-a604-b6adee165b80', 'Liquor Volume', NULL, NULL, 'P028');
INSERT INTO public.test_parameters (test_id, parameter_id, sort_order) VALUES ('09953bfc-03c0-4486-a556-edb6000d6566', 'b572eb8f-10ed-4ab5-a604-b6adee165b80', 2);
INSERT INTO public.parameters (id, parameter_name, units, reference_range, parameter_code) VALUES ('7bbb9afb-fcbb-42d8-9874-cab4dd151620', 'RBC /hpf', NULL, NULL, 'P029');
INSERT INTO public.test_parameters (test_id, parameter_id, sort_order) VALUES ('ee5ce5fe-0524-4cb1-808a-6dc988e9b9b6', '7bbb9afb-fcbb-42d8-9874-cab4dd151620', 2);
INSERT INTO public.parameters (id, parameter_name, units, reference_range, parameter_code) VALUES ('298db2ac-6d6d-454b-8a4a-0891372630ad', 'S. typhi', NULL, NULL, 'P030');
INSERT INTO public.test_parameters (test_id, parameter_id, sort_order) VALUES ('ee5ce5fe-0524-4cb1-808a-6dc988e9b9b6', '298db2ac-6d6d-454b-8a4a-0891372630ad', 3);
INSERT INTO public.parameters (id, parameter_name, units, reference_range, parameter_code) VALUES ('fb234b3d-9df4-4707-9cb1-a8636f050ebc', 'Casts', NULL, NULL, 'P031');
INSERT INTO public.test_parameters (test_id, parameter_id, sort_order) VALUES ('ee5ce5fe-0524-4cb1-808a-6dc988e9b9b6', 'fb234b3d-9df4-4707-9cb1-a8636f050ebc', 4);
INSERT INTO public.parameters (id, parameter_name, units, reference_range, parameter_code) VALUES ('6532ea47-ca72-4a52-86b4-ca25c93c82b0', 'FERRITIN', NULL, NULL, 'P032');
INSERT INTO public.test_parameters (test_id, parameter_id, sort_order) VALUES ('fb00ba89-5d7c-4b4a-92b8-1707a4a28af1', '6532ea47-ca72-4a52-86b4-ca25c93c82b0', 0);
INSERT INTO public.parameters (id, parameter_name, units, reference_range, parameter_code) VALUES ('99424014-c472-4506-bba2-d86e7594c98d', 'PROLACTIN', 'ng/ml', 'Female: 0–20  |  Male: 0–20', 'P033');
INSERT INTO public.test_parameters (test_id, parameter_id, sort_order) VALUES ('9da4aac9-df43-46ed-bfbe-2474f85025a1', '99424014-c472-4506-bba2-d86e7594c98d', 0);
INSERT INTO public.parameters (id, parameter_name, units, reference_range, parameter_code) VALUES ('98d93d46-edb8-4e64-bf28-0e4913606558', 'LH', 'lU/L', '0.7 - 7.4', 'P034');
INSERT INTO public.test_parameters (test_id, parameter_id, sort_order) VALUES ('9cefaeaf-0bf6-40f5-9431-06d769cf6da1', '98d93d46-edb8-4e64-bf28-0e4913606558', 0);
INSERT INTO public.parameters (id, parameter_name, units, reference_range, parameter_code) VALUES ('55c818f7-bfdd-4c1e-a5cf-0c29483bfcee', 'MONOCYTES', '%', '2 - 10', 'P035');
INSERT INTO public.test_parameters (test_id, parameter_id, sort_order) VALUES ('7a6fa1df-efcc-473e-97b8-7212d23fbb87', '55c818f7-bfdd-4c1e-a5cf-0c29483bfcee', 0);
INSERT INTO public.parameters (id, parameter_name, units, reference_range, parameter_code) VALUES ('02e2e7e4-e5d4-4e5a-88c4-be72d48f7eb2', 'ALKALINE PHOSPHATASE', 'U/L', 'Adult: up to 270  |  Child: up to 800', 'P036');
INSERT INTO public.test_parameters (test_id, parameter_id, sort_order) VALUES ('ee5ce5fe-0524-4cb1-808a-6dc988e9b9b6', '02e2e7e4-e5d4-4e5a-88c4-be72d48f7eb2', 5);
INSERT INTO public.parameters (id, parameter_name, units, reference_range, parameter_code) VALUES ('a3615417-7327-473e-b3fa-b4622d0afdd9', 'CK', 'U/L', 'Male: 24–190  |  Female: 24–170', 'P037');
INSERT INTO public.test_parameters (test_id, parameter_id, sort_order) VALUES ('ee5ce5fe-0524-4cb1-808a-6dc988e9b9b6', 'a3615417-7327-473e-b3fa-b4622d0afdd9', 6);
INSERT INTO public.parameters (id, parameter_name, units, reference_range, parameter_code) VALUES ('c8fc57bf-8806-41fb-aa7a-6650c5d5cafc', 'Peritoneal Fluid Urea', 'mg/dl', '3 - 27', 'P038');
INSERT INTO public.test_parameters (test_id, parameter_id, sort_order) VALUES ('78ae623d-695d-4053-b97d-ee56027b26d9', 'c8fc57bf-8806-41fb-aa7a-6650c5d5cafc', 0);
INSERT INTO public.parameters (id, parameter_name, units, reference_range, parameter_code) VALUES ('c2b09443-08d7-419f-aa73-38bf7423b678', 'iCa', 'mmol/L', '1.05 - 1.38', 'P039');
INSERT INTO public.test_parameters (test_id, parameter_id, sort_order) VALUES ('82f6d415-6af7-4c4f-ac24-01a3ad5fb9ad', 'c2b09443-08d7-419f-aa73-38bf7423b678', 0);
INSERT INTO public.parameters (id, parameter_name, units, reference_range, parameter_code) VALUES ('85ddefbc-c03b-431f-8bf7-8f50560c3bb7', 'TROPONIN I', 'ng/ml', '0.0 - 0.500', 'P040');
INSERT INTO public.test_parameters (test_id, parameter_id, sort_order) VALUES ('da41ebb7-050e-4a37-ae3a-92f7c4f2b00b', '85ddefbc-c03b-431f-8bf7-8f50560c3bb7', 0);
INSERT INTO public.parameters (id, parameter_name, units, reference_range, parameter_code) VALUES ('a5f1098e-cacb-4893-a8c6-7fea690cd498', 'HEPATITIS B CORE TOTAL ANTIBODY', NULL, '< 1 Index = Non-Reactive', 'P041');
INSERT INTO public.test_parameters (test_id, parameter_id, sort_order) VALUES ('6a6616a9-a39d-4adf-a98d-43637165279b', 'a5f1098e-cacb-4893-a8c6-7fea690cd498', 0);
INSERT INTO public.parameters (id, parameter_name, units, reference_range, parameter_code) VALUES ('a9ebc84b-da3a-49cc-abed-9633490a7564', 'Platelet', '/L', '130–400 × 10⁹', 'P042');
INSERT INTO public.test_parameters (test_id, parameter_id, sort_order) VALUES ('ee5ce5fe-0524-4cb1-808a-6dc988e9b9b6', 'a9ebc84b-da3a-49cc-abed-9633490a7564', 7);
INSERT INTO public.parameters (id, parameter_name, units, reference_range, parameter_code) VALUES ('ca6b859b-237e-4589-97f6-57f95a3c0f08', 'DILUTION 1:32', 'IU/ml', '192', 'P043');
INSERT INTO public.test_parameters (test_id, parameter_id, sort_order) VALUES ('12b85ffb-e23c-4e90-838f-4c12119caf79', 'ca6b859b-237e-4589-97f6-57f95a3c0f08', 0);
INSERT INTO public.parameters (id, parameter_name, units, reference_range, parameter_code) VALUES ('1f2fd65f-9392-4bf5-bfc9-5d966527a6d9', 'CA 19-9', 'IU/mL', '0.0 - 27.9', 'P044');
INSERT INTO public.test_parameters (test_id, parameter_id, sort_order) VALUES ('53beb0ea-9304-4f2f-b83c-6a0c0eb4c8d0', '1f2fd65f-9392-4bf5-bfc9-5d966527a6d9', 0);
INSERT INTO public.parameters (id, parameter_name, units, reference_range, parameter_code) VALUES ('49059329-1263-493e-b1a6-006534341974', 'HISTOLOGY - SMALL SPECIMEN', NULL, NULL, 'P045');
INSERT INTO public.test_parameters (test_id, parameter_id, sort_order) VALUES ('528931c1-94c5-464e-8c28-5ed52d92e2e9', '49059329-1263-493e-b1a6-006534341974', 0);
INSERT INTO public.parameters (id, parameter_name, units, reference_range, parameter_code) VALUES ('e60fd5fe-b7f9-489b-a32b-0345eb7517de', 'ALBUMIN', 'g/L', '30 - 55', 'P046');
INSERT INTO public.test_parameters (test_id, parameter_id, sort_order) VALUES ('12574549-5044-4418-9dc2-c433997715a3', 'e60fd5fe-b7f9-489b-a32b-0345eb7517de', 0);
INSERT INTO public.parameters (id, parameter_name, units, reference_range, parameter_code) VALUES ('81593d6e-44b6-423a-9dc2-da0cf40e6662', 'BICARBONATE', 'mmol/L', '23 - 43', 'P047');
INSERT INTO public.test_parameters (test_id, parameter_id, sort_order) VALUES ('c12cf44d-1c37-45bd-b9ed-deec1fcc95d7', '81593d6e-44b6-423a-9dc2-da0cf40e6662', 0);
INSERT INTO public.parameters (id, parameter_name, units, reference_range, parameter_code) VALUES ('86be50b7-c8e4-4dda-99d5-af82e36b6efd', '2 Hr Post Lunch', 'mmol/L', '3.6 - 7.8', 'P048');
INSERT INTO public.test_parameters (test_id, parameter_id, sort_order) VALUES ('eb6d66c2-a81d-4ce2-9aa1-092e83cd9b2e', '86be50b7-c8e4-4dda-99d5-af82e36b6efd', 0);
INSERT INTO public.parameters (id, parameter_name, units, reference_range, parameter_code) VALUES ('d23d5c98-d631-4f6c-b988-26f9bfdd1e3c', 'CREATININE CLEARANCE', 'ml/min', '88 - 128', 'P049');
INSERT INTO public.test_parameters (test_id, parameter_id, sort_order) VALUES ('31b6ae5b-100a-470d-b8cc-c1731459f0d2', 'd23d5c98-d631-4f6c-b988-26f9bfdd1e3c', 0);
INSERT INTO public.parameters (id, parameter_name, units, reference_range, parameter_code) VALUES ('42c458d3-72ca-4b08-a276-c3ed24e10160', 'LH', 'lU/L', 'Follicular: 0.8–10.5  |  Midcycle: 18.4–61.2  |  Luteal: 0.8–10.5  |  Menopausal: 8.2–40.8  |  Male: 0.7–7.4', 'P050');
INSERT INTO public.test_parameters (test_id, parameter_id, sort_order) VALUES ('f5640777-5716-4880-8af9-9ca77844d8c1', '42c458d3-72ca-4b08-a276-c3ed24e10160', 0);
INSERT INTO public.parameters (id, parameter_name, units, reference_range, parameter_code) VALUES ('ae485d8c-0496-40f2-9163-68b52b32d111', 'eGFR', 'ml/min/1.73²', '> 60', 'P051');
INSERT INTO public.test_parameters (test_id, parameter_id, sort_order) VALUES ('a00fc80a-6792-44ce-a7f0-192438481fae', 'ae485d8c-0496-40f2-9163-68b52b32d111', 0);
INSERT INTO public.parameters (id, parameter_name, units, reference_range, parameter_code) VALUES ('77b1bddd-bcb6-4a6d-9e51-aaa4948ab8d0', 'PCV', NULL, 'Male: 40–54  |  Female: 35–47', 'P052');
INSERT INTO public.test_parameters (test_id, parameter_id, sort_order) VALUES ('f80b3cf1-6466-4bfa-8fae-b297fb143147', '77b1bddd-bcb6-4a6d-9e51-aaa4948ab8d0', 0);
INSERT INTO public.parameters (id, parameter_name, units, reference_range, parameter_code) VALUES ('37c71e2b-e055-41c3-b687-00d7b3f9f23f', 'E.S.R', 'mm/hr', 'Male: 0–15  |  Female: 0–16', 'P053');
INSERT INTO public.test_parameters (test_id, parameter_id, sort_order) VALUES ('65f6c29a-1170-4328-993c-c2ffbbe9a28d', '37c71e2b-e055-41c3-b687-00d7b3f9f23f', 0);
INSERT INTO public.parameters (id, parameter_name, units, reference_range, parameter_code) VALUES ('40ec167e-54c9-46b5-9952-f73f8f8b9b44', 'H.I.V SCREENING CONFIRMATION', NULL, 'CONFIRMATION', 'P054');
INSERT INTO public.test_parameters (test_id, parameter_id, sort_order) VALUES ('74cec375-6534-4c5d-b861-dc67d07c461c', '40ec167e-54c9-46b5-9952-f73f8f8b9b44', 0);
INSERT INTO public.parameters (id, parameter_name, units, reference_range, parameter_code) VALUES ('2137dff9-3b38-41d9-ae94-367f1d7c2abf', 'P.C.V.', '%', 'Male: 40–54  |  Female: 35–47', 'P055');
INSERT INTO public.test_parameters (test_id, parameter_id, sort_order) VALUES ('35582df4-678e-42c7-8ee4-94a95d45808c', '2137dff9-3b38-41d9-ae94-367f1d7c2abf', 0);
INSERT INTO public.parameters (id, parameter_name, units, reference_range, parameter_code) VALUES ('41aca4bd-2137-4966-87b4-db41bc51358a', 'CULTURE ISOLATE', NULL, NULL, 'P056');
INSERT INTO public.test_parameters (test_id, parameter_id, sort_order) VALUES ('97f70417-a653-43cb-8e14-4565c2a20210', '41aca4bd-2137-4966-87b4-db41bc51358a', 0);
INSERT INTO public.parameters (id, parameter_name, units, reference_range, parameter_code) VALUES ('32b0402d-ac5c-40fd-9425-3b8a9e39d21d', 'CULTURE ISOLATE', NULL, NULL, 'P057');
INSERT INTO public.test_parameters (test_id, parameter_id, sort_order) VALUES ('c5824af2-66eb-4573-b6ec-2096aa54d2fa', '32b0402d-ac5c-40fd-9425-3b8a9e39d21d', 0);
INSERT INTO public.parameters (id, parameter_name, units, reference_range, parameter_code) VALUES ('9429e068-5b3a-4056-84e6-b49358a69b6b', 'TIME PRODUCED', NULL, NULL, 'P058');
INSERT INTO public.test_parameters (test_id, parameter_id, sort_order) VALUES ('40ebae2b-0116-4e25-91c4-b543ea499e9a', '9429e068-5b3a-4056-84e6-b49358a69b6b', 0);
INSERT INTO public.parameters (id, parameter_name, units, reference_range, parameter_code) VALUES ('c9856cad-7062-4d8f-a903-add814f923a6', 'COLOUR', NULL, NULL, 'P059');
INSERT INTO public.test_parameters (test_id, parameter_id, sort_order) VALUES ('40ebae2b-0116-4e25-91c4-b543ea499e9a', 'c9856cad-7062-4d8f-a903-add814f923a6', 1);
INSERT INTO public.parameters (id, parameter_name, units, reference_range, parameter_code) VALUES ('3e2b0396-806e-4799-b4dd-05026890539a', 'NORMAL FORM', '%', NULL, 'P060');
INSERT INTO public.test_parameters (test_id, parameter_id, sort_order) VALUES ('40ebae2b-0116-4e25-91c4-b543ea499e9a', '3e2b0396-806e-4799-b4dd-05026890539a', 2);
INSERT INTO public.parameters (id, parameter_name, units, reference_range, parameter_code) VALUES ('25e8977b-bfde-4e06-b45d-0f37188a49d4', 'ZN STAIN', NULL, NULL, 'P061');
INSERT INTO public.test_parameters (test_id, parameter_id, sort_order) VALUES ('987a5ae6-bc36-4184-af27-80737ad40515', '25e8977b-bfde-4e06-b45d-0f37188a49d4', 0);
INSERT INTO public.parameters (id, parameter_name, units, reference_range, parameter_code) VALUES ('2e4d7df8-0690-4dcb-9426-16a114697ff7', 'PROTEIN', NULL, NULL, 'P062');
INSERT INTO public.test_parameters (test_id, parameter_id, sort_order) VALUES ('fcb74270-695e-44bf-8364-5a8940a03b07', '2e4d7df8-0690-4dcb-9426-16a114697ff7', 0);
INSERT INTO public.parameters (id, parameter_name, units, reference_range, parameter_code) VALUES ('5d02a6cc-f804-417d-ad42-15689c602e80', 'Sp. Gravity', NULL, NULL, 'P063');
INSERT INTO public.test_parameters (test_id, parameter_id, sort_order) VALUES ('5ccc51a4-8bc5-4201-99e5-aa6e6f433877', '5d02a6cc-f804-417d-ad42-15689c602e80', 0);
INSERT INTO public.parameters (id, parameter_name, units, reference_range, parameter_code) VALUES ('74eac1e3-b51c-45be-8318-fa3bfb11f951', 'S. haematobium Ova', NULL, NULL, 'P064');
INSERT INTO public.test_parameters (test_id, parameter_id, sort_order) VALUES ('5ccc51a4-8bc5-4201-99e5-aa6e6f433877', '74eac1e3-b51c-45be-8318-fa3bfb11f951', 1);
INSERT INTO public.parameters (id, parameter_name, units, reference_range, parameter_code) VALUES ('9d24a03a-c7a1-48a1-809b-651901cc835b', 'Blood', NULL, NULL, 'P065');
INSERT INTO public.test_parameters (test_id, parameter_id, sort_order) VALUES ('5ccc51a4-8bc5-4201-99e5-aa6e6f433877', '9d24a03a-c7a1-48a1-809b-651901cc835b', 2);
INSERT INTO public.parameters (id, parameter_name, units, reference_range, parameter_code) VALUES ('618009d9-a914-4045-973b-08d64f12ab02', 'URINE SUGAR', NULL, NULL, 'P066');
INSERT INTO public.test_parameters (test_id, parameter_id, sort_order) VALUES ('67f73d7d-3a31-4c9d-b997-5a4e39356084', '618009d9-a914-4045-973b-08d64f12ab02', 0);
INSERT INTO public.parameters (id, parameter_name, units, reference_range, parameter_code) VALUES ('69971353-bcca-496d-bd46-e6b01e8ba139', 'URINE PREGNANCY TEST', NULL, NULL, 'P067');
INSERT INTO public.test_parameters (test_id, parameter_id, sort_order) VALUES ('9fbf4d18-f0d3-41ae-8d31-c091d319392d', '69971353-bcca-496d-bd46-e6b01e8ba139', 0);
INSERT INTO public.parameters (id, parameter_name, units, reference_range, parameter_code) VALUES ('0fd24f7b-f37a-4a85-a7dd-cb95c31ebc27', 'LH', 'lU/L', 'Follicular: 1.0–10  |  Midcycle: 10.0–150  |  Luteal: 1.0–10  |  P.Menopausal: 8–40.8  |  Male: 0.7–7.4', 'P068');
INSERT INTO public.test_parameters (test_id, parameter_id, sort_order) VALUES ('de76dcde-4b48-4b41-9f1c-6c9ca8be234a', '0fd24f7b-f37a-4a85-a7dd-cb95c31ebc27', 1);
INSERT INTO public.parameters (id, parameter_name, units, reference_range, parameter_code) VALUES ('b5b2d30f-1c1f-4239-acfa-e21f50b46877', 'E2', 'pg/ml', 'Follicular: 30–100  |  Midcycle: 100–400  |  Luteal: 60–150  |  Menopausal: 0–30  |  Male: 0–60', 'P069');
INSERT INTO public.test_parameters (test_id, parameter_id, sort_order) VALUES ('2a0de9ce-3a3b-4620-aa72-6ff615b87546', 'b5b2d30f-1c1f-4239-acfa-e21f50b46877', 0);
INSERT INTO public.parameters (id, parameter_name, units, reference_range, parameter_code) VALUES ('4d2d100e-98f0-4557-9a97-5f034e9e9e82', 'CRYSTALS', NULL, NULL, 'P070');
INSERT INTO public.test_parameters (test_id, parameter_id, sort_order) VALUES ('40ebae2b-0116-4e25-91c4-b543ea499e9a', '4d2d100e-98f0-4557-9a97-5f034e9e9e82', 3);
INSERT INTO public.parameters (id, parameter_name, units, reference_range, parameter_code) VALUES ('fdfb38d7-95b6-4985-9475-3eb29320c8fb', 'CA 125', 'U/ml', '0 - 35', 'P071');
INSERT INTO public.test_parameters (test_id, parameter_id, sort_order) VALUES ('e688d50c-7452-414e-93d9-89a40b9cdaa7', 'fdfb38d7-95b6-4985-9475-3eb29320c8fb', 0);
INSERT INTO public.parameters (id, parameter_name, units, reference_range, parameter_code) VALUES ('0974c42f-bd0b-47b5-b937-998f2d3aacde', 'Haemoglobin (Hb)', 'g/dl', '11.0 - 16.0', 'P072');
INSERT INTO public.test_parameters (test_id, parameter_id, sort_order) VALUES ('8a431752-108b-4392-baa0-4a20028ce45f', '0974c42f-bd0b-47b5-b937-998f2d3aacde', 0);
INSERT INTO public.parameters (id, parameter_name, units, reference_range, parameter_code) VALUES ('2a6ec2a1-c259-42d1-8795-dc630ec1e8a1', 'Nitrite', NULL, NULL, 'P073');
INSERT INTO public.test_parameters (test_id, parameter_id, sort_order) VALUES ('5ccc51a4-8bc5-4201-99e5-aa6e6f433877', '2a6ec2a1-c259-42d1-8795-dc630ec1e8a1', 3);
INSERT INTO public.parameters (id, parameter_name, units, reference_range, parameter_code) VALUES ('029ad40d-a0ce-4e64-ba9c-5c27b7f5869d', 'T. vaginalis', NULL, NULL, 'P074');
INSERT INTO public.test_parameters (test_id, parameter_id, sort_order) VALUES ('5ccc51a4-8bc5-4201-99e5-aa6e6f433877', '029ad40d-a0ce-4e64-ba9c-5c27b7f5869d', 4);
INSERT INTO public.parameters (id, parameter_name, units, reference_range, parameter_code) VALUES ('d0fd65f6-3f45-4bd8-9bd6-b4c65e9522e1', 'MICROSCOPY', NULL, NULL, 'P075');
INSERT INTO public.test_parameters (test_id, parameter_id, sort_order) VALUES ('5ccc51a4-8bc5-4201-99e5-aa6e6f433877', 'd0fd65f6-3f45-4bd8-9bd6-b4c65e9522e1', 5);
INSERT INTO public.parameters (id, parameter_name, units, reference_range, parameter_code) VALUES ('32d4e608-e79f-4555-8bd7-ebe92feda58a', 'Pus Cells/hpf', NULL, NULL, 'P076');
INSERT INTO public.test_parameters (test_id, parameter_id, sort_order) VALUES ('5ccc51a4-8bc5-4201-99e5-aa6e6f433877', '32d4e608-e79f-4555-8bd7-ebe92feda58a', 6);
INSERT INTO public.parameters (id, parameter_name, units, reference_range, parameter_code) VALUES ('fb997379-79bc-45e2-8828-d48e24453a8a', 'Rbc/hpf', NULL, NULL, 'P077');
INSERT INTO public.test_parameters (test_id, parameter_id, sort_order) VALUES ('5ccc51a4-8bc5-4201-99e5-aa6e6f433877', 'fb997379-79bc-45e2-8828-d48e24453a8a', 7);
INSERT INTO public.parameters (id, parameter_name, units, reference_range, parameter_code) VALUES ('3c29db7d-bbcd-4c66-8d88-84d54a9381ee', 'Epith. Cells/hpf', NULL, NULL, 'P078');
INSERT INTO public.test_parameters (test_id, parameter_id, sort_order) VALUES ('5ccc51a4-8bc5-4201-99e5-aa6e6f433877', '3c29db7d-bbcd-4c66-8d88-84d54a9381ee', 8);
INSERT INTO public.parameters (id, parameter_name, units, reference_range, parameter_code) VALUES ('553da21a-751a-4102-b09f-ae2076f54f7f', 'Casts', NULL, NULL, 'P079');
INSERT INTO public.test_parameters (test_id, parameter_id, sort_order) VALUES ('5ccc51a4-8bc5-4201-99e5-aa6e6f433877', '553da21a-751a-4102-b09f-ae2076f54f7f', 9);
INSERT INTO public.parameters (id, parameter_name, units, reference_range, parameter_code) VALUES ('0f8519e1-5285-4894-9370-bd1b4f71374a', 'Crystals', NULL, NULL, 'P080');
INSERT INTO public.test_parameters (test_id, parameter_id, sort_order) VALUES ('5ccc51a4-8bc5-4201-99e5-aa6e6f433877', '0f8519e1-5285-4894-9370-bd1b4f71374a', 10);
INSERT INTO public.parameters (id, parameter_name, units, reference_range, parameter_code) VALUES ('48d85eb7-6542-413a-b9dd-f0ec87d9255d', 'Yeast Cells', NULL, NULL, 'P081');
INSERT INTO public.test_parameters (test_id, parameter_id, sort_order) VALUES ('5ccc51a4-8bc5-4201-99e5-aa6e6f433877', '48d85eb7-6542-413a-b9dd-f0ec87d9255d', 11);
INSERT INTO public.parameters (id, parameter_name, units, reference_range, parameter_code) VALUES ('778d5330-7f20-4d5c-92c5-bc73b6fded68', 'CULTURE ISOLATE', NULL, NULL, 'P082');
INSERT INTO public.test_parameters (test_id, parameter_id, sort_order) VALUES ('5ccc51a4-8bc5-4201-99e5-aa6e6f433877', '778d5330-7f20-4d5c-92c5-bc73b6fded68', 12);
INSERT INTO public.parameters (id, parameter_name, units, reference_range, parameter_code) VALUES ('269f7653-8982-4770-be9e-ad630750d098', 'Colour', NULL, NULL, 'P083');
INSERT INTO public.test_parameters (test_id, parameter_id, sort_order) VALUES ('5ccc51a4-8bc5-4201-99e5-aa6e6f433877', '269f7653-8982-4770-be9e-ad630750d098', 13);
INSERT INTO public.parameters (id, parameter_name, units, reference_range, parameter_code) VALUES ('bdc83b49-f4df-4af5-adf2-c99bdb92a23d', 'Appearance', NULL, NULL, 'P084');
INSERT INTO public.test_parameters (test_id, parameter_id, sort_order) VALUES ('5ccc51a4-8bc5-4201-99e5-aa6e6f433877', 'bdc83b49-f4df-4af5-adf2-c99bdb92a23d', 14);
INSERT INTO public.parameters (id, parameter_name, units, reference_range, parameter_code) VALUES ('368cd18a-b63d-4c92-8300-87052133453d', 'pH', NULL, NULL, 'P085');
INSERT INTO public.test_parameters (test_id, parameter_id, sort_order) VALUES ('5ccc51a4-8bc5-4201-99e5-aa6e6f433877', '368cd18a-b63d-4c92-8300-87052133453d', 15);
INSERT INTO public.parameters (id, parameter_name, units, reference_range, parameter_code) VALUES ('85aab0cc-c35d-4fca-9395-7c7ddb7006d1', 'WBC', '/L', '4.0–10.0 × 10⁹', 'P086');
INSERT INTO public.test_parameters (test_id, parameter_id, sort_order) VALUES ('a196e084-a0a1-4878-8243-00572dd21550', '85aab0cc-c35d-4fca-9395-7c7ddb7006d1', 0);
INSERT INTO public.parameters (id, parameter_name, units, reference_range, parameter_code) VALUES ('376e2d38-e8f7-4ddf-b136-afa0a46d909d', 'FSH', 'lU/L', 'Follicular: 2.0–12  |  Midcycle: 8.0–120  |  Luteal: 2.0–12  |  P.Menopausal: 35–150', 'P087');
INSERT INTO public.test_parameters (test_id, parameter_id, sort_order) VALUES ('7edfa928-b4a7-4112-964f-bdbb270437c8', '376e2d38-e8f7-4ddf-b136-afa0a46d909d', 1);
INSERT INTO public.parameters (id, parameter_name, units, reference_range, parameter_code) VALUES ('054fb989-4951-4ad7-a5f2-11b5aca4bfe1', 'E2', 'pg/ml', 'Follicular: 30–100  |  Midcycle: 100–400  |  Luteal: 60–150  |  P.Menopausal: 0–30', 'P088');
INSERT INTO public.test_parameters (test_id, parameter_id, sort_order) VALUES ('7edfa928-b4a7-4112-964f-bdbb270437c8', '054fb989-4951-4ad7-a5f2-11b5aca4bfe1', 2);
INSERT INTO public.parameters (id, parameter_name, units, reference_range, parameter_code) VALUES ('b53151fe-e1d9-4efa-9514-3bea4795ce24', 'TESTO', 'ng/ml', '0 - 1.0', 'P089');
INSERT INTO public.test_parameters (test_id, parameter_id, sort_order) VALUES ('7edfa928-b4a7-4112-964f-bdbb270437c8', 'b53151fe-e1d9-4efa-9514-3bea4795ce24', 3);
INSERT INTO public.parameters (id, parameter_name, units, reference_range, parameter_code) VALUES ('d36aabb3-e6ba-429e-9916-5691e94ea05c', 'FREE T4', 'ng/dl', '0.8 - 2.0', 'P090');
INSERT INTO public.test_parameters (test_id, parameter_id, sort_order) VALUES ('7edfa928-b4a7-4112-964f-bdbb270437c8', 'd36aabb3-e6ba-429e-9916-5691e94ea05c', 4);
INSERT INTO public.parameters (id, parameter_name, units, reference_range, parameter_code) VALUES ('8c22741c-388f-4611-97a1-054e57b2a631', 'PROL', 'ng/ml', 'Follicular: 46–545  |  Luteal: 115–745', 'P091');
INSERT INTO public.test_parameters (test_id, parameter_id, sort_order) VALUES ('7edfa928-b4a7-4112-964f-bdbb270437c8', '8c22741c-388f-4611-97a1-054e57b2a631', 5);
INSERT INTO public.parameters (id, parameter_name, units, reference_range, parameter_code) VALUES ('7deaf87a-ec67-471d-8286-7c3902c75219', 'Gonorrhoea (RDT)', NULL, NULL, 'P092');
INSERT INTO public.test_parameters (test_id, parameter_id, sort_order) VALUES ('b2bec782-55de-4cef-bf5c-9ec6fa519405', '7deaf87a-ec67-471d-8286-7c3902c75219', 0);
INSERT INTO public.parameters (id, parameter_name, units, reference_range, parameter_code) VALUES ('ae229430-a6c0-4289-a547-edbc70abfa84', 'TESTOSTERONE', 'ng/ml', '0 - 1.0', 'P093');
INSERT INTO public.test_parameters (test_id, parameter_id, sort_order) VALUES ('de76dcde-4b48-4b41-9f1c-6c9ca8be234a', 'ae229430-a6c0-4289-a547-edbc70abfa84', 2);
INSERT INTO public.parameters (id, parameter_name, units, reference_range, parameter_code) VALUES ('26176395-fb20-4544-93ca-9e887ca93749', 'FSH', 'lU/L', 'Follicular: 2.0–12  |  Midcycle: 8.0–120  |  Luteal: 2.0–12  |  P.Menopausal: 35–150  |  Male: 1.0–14', 'P094');
INSERT INTO public.test_parameters (test_id, parameter_id, sort_order) VALUES ('de76dcde-4b48-4b41-9f1c-6c9ca8be234a', '26176395-fb20-4544-93ca-9e887ca93749', 3);
INSERT INTO public.parameters (id, parameter_name, units, reference_range, parameter_code) VALUES ('a4e741ab-b6f7-4184-aa9c-bec9431b15b6', 'PROL', 'ng/ml', '0 - 20', 'P095');
INSERT INTO public.test_parameters (test_id, parameter_id, sort_order) VALUES ('de76dcde-4b48-4b41-9f1c-6c9ca8be234a', 'a4e741ab-b6f7-4184-aa9c-bec9431b15b6', 4);
INSERT INTO public.parameters (id, parameter_name, units, reference_range, parameter_code) VALUES ('ab63c3ad-161f-48c0-a88f-c6cb59ffe362', 'T4', 'ug/dl', '4.4 - 12.0', 'P096');
INSERT INTO public.test_parameters (test_id, parameter_id, sort_order) VALUES ('de76dcde-4b48-4b41-9f1c-6c9ca8be234a', 'ab63c3ad-161f-48c0-a88f-c6cb59ffe362', 5);
INSERT INTO public.parameters (id, parameter_name, units, reference_range, parameter_code) VALUES ('2ad511a5-27d2-4a9d-934a-8eaf80afa2a9', 'Protein', NULL, NULL, 'P097');
INSERT INTO public.test_parameters (test_id, parameter_id, sort_order) VALUES ('5ccc51a4-8bc5-4201-99e5-aa6e6f433877', '2ad511a5-27d2-4a9d-934a-8eaf80afa2a9', 16);
INSERT INTO public.parameters (id, parameter_name, units, reference_range, parameter_code) VALUES ('c9f17920-3e0a-4b76-ade5-c0d09c62c6a8', 'Glucose', NULL, NULL, 'P098');
INSERT INTO public.test_parameters (test_id, parameter_id, sort_order) VALUES ('5ccc51a4-8bc5-4201-99e5-aa6e6f433877', 'c9f17920-3e0a-4b76-ade5-c0d09c62c6a8', 17);
INSERT INTO public.parameters (id, parameter_name, units, reference_range, parameter_code) VALUES ('c0a34d4e-2f79-4aac-b013-a30117f5fb62', 'Ketone', NULL, NULL, 'P099');
INSERT INTO public.test_parameters (test_id, parameter_id, sort_order) VALUES ('5ccc51a4-8bc5-4201-99e5-aa6e6f433877', 'c0a34d4e-2f79-4aac-b013-a30117f5fb62', 18);
INSERT INTO public.parameters (id, parameter_name, units, reference_range, parameter_code) VALUES ('df2cd5e0-cb89-44d0-a8a9-50e8c0041b44', 'Bilirubin', NULL, NULL, 'P100');
INSERT INTO public.test_parameters (test_id, parameter_id, sort_order) VALUES ('5ccc51a4-8bc5-4201-99e5-aa6e6f433877', 'df2cd5e0-cb89-44d0-a8a9-50e8c0041b44', 19);
INSERT INTO public.parameters (id, parameter_name, units, reference_range, parameter_code) VALUES ('6f157c5a-ca15-47d5-be11-f5b2fb809cd5', 'Urobilinogen', NULL, NULL, 'P101');
INSERT INTO public.test_parameters (test_id, parameter_id, sort_order) VALUES ('5ccc51a4-8bc5-4201-99e5-aa6e6f433877', '6f157c5a-ca15-47d5-be11-f5b2fb809cd5', 20);
INSERT INTO public.parameters (id, parameter_name, units, reference_range, parameter_code) VALUES ('65b83046-43c8-4082-8031-d05faed19ecc', 'LMP', NULL, NULL, 'P102');
INSERT INTO public.test_parameters (test_id, parameter_id, sort_order) VALUES ('258730b9-4bdb-411d-a085-7a09b8e9b2f8', '65b83046-43c8-4082-8031-d05faed19ecc', 3);
INSERT INTO public.parameters (id, parameter_name, units, reference_range, parameter_code) VALUES ('3b3082e7-dc9e-446d-8974-cb3bfed175ca', 'HEPATITIS B cAb', NULL, NULL, 'P103');
INSERT INTO public.test_parameters (test_id, parameter_id, sort_order) VALUES ('bd79a5da-8118-4dd8-bcf0-36d0fa70e859', '3b3082e7-dc9e-446d-8974-cb3bfed175ca', 0);
INSERT INTO public.parameters (id, parameter_name, units, reference_range, parameter_code) VALUES ('6cfeb4ca-e79b-4d56-a111-21c424e9ec8b', 'H.I.V - 1', NULL, NULL, 'P104');
INSERT INTO public.test_parameters (test_id, parameter_id, sort_order) VALUES ('27607172-90f0-44ed-9063-c9503daf0403', '6cfeb4ca-e79b-4d56-a111-21c424e9ec8b', 0);
INSERT INTO public.parameters (id, parameter_name, units, reference_range, parameter_code) VALUES ('829fb43e-3a44-4fb4-988c-183d52b84021', '13th Day LH', 'IU/L', 'Follicular: 1.0–10', 'P105');
INSERT INTO public.test_parameters (test_id, parameter_id, sort_order) VALUES ('258730b9-4bdb-411d-a085-7a09b8e9b2f8', '829fb43e-3a44-4fb4-988c-183d52b84021', 4);
INSERT INTO public.parameters (id, parameter_name, units, reference_range, parameter_code) VALUES ('46bfe317-b7d3-406f-aea1-82632641756d', 'PARTIAL THROMBOPLASTIN', 'sec.', '22 - 42', 'P106');
INSERT INTO public.test_parameters (test_id, parameter_id, sort_order) VALUES ('d729756b-82ea-47aa-9f47-4808e1f5e284', '46bfe317-b7d3-406f-aea1-82632641756d', 0);
INSERT INTO public.parameters (id, parameter_name, units, reference_range, parameter_code) VALUES ('d040fcd7-c985-4277-880f-1bc7b866cbbd', 'PHOSPHORUS', 'mmol/L', '0.81 - 1.62', 'P107');
INSERT INTO public.test_parameters (test_id, parameter_id, sort_order) VALUES ('21568b97-9cad-4302-8ab0-5d63e376abeb', 'd040fcd7-c985-4277-880f-1bc7b866cbbd', 0);
INSERT INTO public.parameters (id, parameter_name, units, reference_range, parameter_code) VALUES ('963859c1-69b8-4136-965a-d746c092246b', 'PLATELET', '/L', '130–400 × 10⁹', 'P108');
INSERT INTO public.test_parameters (test_id, parameter_id, sort_order) VALUES ('1ddb248d-8119-48a7-9ccb-0bc4603a4264', '963859c1-69b8-4136-965a-d746c092246b', 0);
INSERT INTO public.parameters (id, parameter_name, units, reference_range, parameter_code) VALUES ('9856b678-da0c-4cc6-a7ec-1a619961f739', 'PROTEIN', 'g/L', '10 - 20', 'P109');
INSERT INTO public.test_parameters (test_id, parameter_id, sort_order) VALUES ('d857bfbb-cc66-4033-b71f-82077dcfbd54', '9856b678-da0c-4cc6-a7ec-1a619961f739', 0);
INSERT INTO public.parameters (id, parameter_name, units, reference_range, parameter_code) VALUES ('4a29a69b-028f-4f69-88a4-265f3073885c', 'GLUCOSE', 'mmol/L', '3.6 - 6.1', 'P110');
INSERT INTO public.test_parameters (test_id, parameter_id, sort_order) VALUES ('d857bfbb-cc66-4033-b71f-82077dcfbd54', '4a29a69b-028f-4f69-88a4-265f3073885c', 1);
INSERT INTO public.parameters (id, parameter_name, units, reference_range, parameter_code) VALUES ('d5c2b7d9-603b-4e7e-a266-eeef1f1b3a91', 'LDH', 'lU/L', 'Up to 70', 'P111');
INSERT INTO public.test_parameters (test_id, parameter_id, sort_order) VALUES ('d857bfbb-cc66-4033-b71f-82077dcfbd54', 'd5c2b7d9-603b-4e7e-a266-eeef1f1b3a91', 2);
INSERT INTO public.parameters (id, parameter_name, units, reference_range, parameter_code) VALUES ('821839f0-49e4-4e82-b386-15f2eae725e9', 'pH', NULL, '7.06 - 7.64', 'P112');
INSERT INTO public.test_parameters (test_id, parameter_id, sort_order) VALUES ('d857bfbb-cc66-4033-b71f-82077dcfbd54', '821839f0-49e4-4e82-b386-15f2eae725e9', 3);
INSERT INTO public.parameters (id, parameter_name, units, reference_range, parameter_code) VALUES ('6c3dd493-880f-454c-9307-a212fd74b36b', 'CELL COUNT', '/cmm', '< 1000', 'P113');
INSERT INTO public.test_parameters (test_id, parameter_id, sort_order) VALUES ('d857bfbb-cc66-4033-b71f-82077dcfbd54', '6c3dd493-880f-454c-9307-a212fd74b36b', 4);
INSERT INTO public.parameters (id, parameter_name, units, reference_range, parameter_code) VALUES ('a41e1f02-27ea-4949-b499-abcf7538c89b', 'K+', 'mmol/L', '3.5 - 5.4', 'P114');
INSERT INTO public.test_parameters (test_id, parameter_id, sort_order) VALUES ('fce88c84-f295-40f5-999a-251cb6bdb104', 'a41e1f02-27ea-4949-b499-abcf7538c89b', 0);
INSERT INTO public.parameters (id, parameter_name, units, reference_range, parameter_code) VALUES ('0f3e48e1-9d1a-4145-9281-7ad7fd2387c3', 'V.D.R.L / R.P.R', NULL, NULL, 'P115');
INSERT INTO public.test_parameters (test_id, parameter_id, sort_order) VALUES ('d35e2ea2-8139-4179-86e8-9ae626a2975f', '0f3e48e1-9d1a-4145-9281-7ad7fd2387c3', 0);
INSERT INTO public.parameters (id, parameter_name, units, reference_range, parameter_code) VALUES ('dfd7ab1d-1407-43bc-b20f-491c53258a41', 'Viral Load', NULL, NULL, 'P116');
INSERT INTO public.test_parameters (test_id, parameter_id, sort_order) VALUES ('c0cd0286-18d4-4a0e-a366-42d2b7726137', 'dfd7ab1d-1407-43bc-b20f-491c53258a41', 0);
INSERT INTO public.parameters (id, parameter_name, units, reference_range, parameter_code) VALUES ('24764b01-bd18-4a20-aee6-b84f18952deb', 'H.I.V 1 & 2 SCREENING', NULL, NULL, 'P117');
INSERT INTO public.test_parameters (test_id, parameter_id, sort_order) VALUES ('172f4d1b-86f1-44bc-ae21-01e14d1ac333', '24764b01-bd18-4a20-aee6-b84f18952deb', 0);
INSERT INTO public.parameters (id, parameter_name, units, reference_range, parameter_code) VALUES ('4af0d7bd-3bee-4307-a1c7-e38fbfd99bff', 'T.P.H.A (SYPHILIS)', NULL, NULL, 'P118');
INSERT INTO public.test_parameters (test_id, parameter_id, sort_order) VALUES ('172f4d1b-86f1-44bc-ae21-01e14d1ac333', '4af0d7bd-3bee-4307-a1c7-e38fbfd99bff', 1);
INSERT INTO public.parameters (id, parameter_name, units, reference_range, parameter_code) VALUES ('e4034e89-4de4-494d-9cad-83443ee3d5a5', 'MOTILITY', '%', '> 60 After 1 Hour', 'P119');
INSERT INTO public.test_parameters (test_id, parameter_id, sort_order) VALUES ('40ebae2b-0116-4e25-91c4-b543ea499e9a', 'e4034e89-4de4-494d-9cad-83443ee3d5a5', 4);
INSERT INTO public.parameters (id, parameter_name, units, reference_range, parameter_code) VALUES ('0c21f50a-207a-42dc-9209-647937284a84', 'VOLUME', 'ml', '1 - 6', 'P120');
INSERT INTO public.test_parameters (test_id, parameter_id, sort_order) VALUES ('40ebae2b-0116-4e25-91c4-b543ea499e9a', '0c21f50a-207a-42dc-9209-647937284a84', 5);
INSERT INTO public.parameters (id, parameter_name, units, reference_range, parameter_code) VALUES ('c3e38a81-6f1f-40ff-bba2-8a3360b9bdbc', 'pH', NULL, '7.2 - 7.6', 'P121');
INSERT INTO public.test_parameters (test_id, parameter_id, sort_order) VALUES ('40ebae2b-0116-4e25-91c4-b543ea499e9a', 'c3e38a81-6f1f-40ff-bba2-8a3360b9bdbc', 6);
INSERT INTO public.parameters (id, parameter_name, units, reference_range, parameter_code) VALUES ('d22c9cb3-b9d8-4cef-8702-f0e65b411534', 'SPERM COUNT', 'Million/ml', '20 - 120', 'P122');
INSERT INTO public.test_parameters (test_id, parameter_id, sort_order) VALUES ('40ebae2b-0116-4e25-91c4-b543ea499e9a', 'd22c9cb3-b9d8-4cef-8702-f0e65b411534', 7);
INSERT INTO public.parameters (id, parameter_name, units, reference_range, parameter_code) VALUES ('2d5608e7-edac-4126-88bf-0421a4e13d84', 'SODIUM (Na+)', 'mmol/L', '135 - 148', 'P123');
INSERT INTO public.test_parameters (test_id, parameter_id, sort_order) VALUES ('bee9e8d7-c368-48fb-8cf1-3de92daf344d', '2d5608e7-edac-4126-88bf-0421a4e13d84', 0);
INSERT INTO public.parameters (id, parameter_name, units, reference_range, parameter_code) VALUES ('9dbca3b1-c453-4dd9-9be2-9acd5cef3e61', 'CULTURE ISOLATE', NULL, NULL, 'P124');
INSERT INTO public.test_parameters (test_id, parameter_id, sort_order) VALUES ('f88da97c-90dc-4fb6-941d-52fc7c5a76f3', '9dbca3b1-c453-4dd9-9be2-9acd5cef3e61', 0);
INSERT INTO public.parameters (id, parameter_name, units, reference_range, parameter_code) VALUES ('ff57cf84-deeb-4155-81eb-605e7f4eab18', 'GONORRHOEA (G.N.I.D)', NULL, NULL, 'P125');
INSERT INTO public.test_parameters (test_id, parameter_id, sort_order) VALUES ('172f4d1b-86f1-44bc-ae21-01e14d1ac333', 'ff57cf84-deeb-4155-81eb-605e7f4eab18', 2);
INSERT INTO public.parameters (id, parameter_name, units, reference_range, parameter_code) VALUES ('4cd4e77e-19f0-44f9-b65a-fc1382c01aa3', 'HEPATITIS B VIRUS', NULL, NULL, 'P126');
INSERT INTO public.test_parameters (test_id, parameter_id, sort_order) VALUES ('172f4d1b-86f1-44bc-ae21-01e14d1ac333', '4cd4e77e-19f0-44f9-b65a-fc1382c01aa3', 3);
INSERT INTO public.parameters (id, parameter_name, units, reference_range, parameter_code) VALUES ('235e7748-99da-4680-85fb-7a356442ed06', 'PROL', 'mIU/L', 'Follicular: 46–545  |  Luteal: 115–745  |  Male: 23–460', 'P127');
INSERT INTO public.test_parameters (test_id, parameter_id, sort_order) VALUES ('632b95d0-6479-4ded-80aa-7432d06b52a1', '235e7748-99da-4680-85fb-7a356442ed06', 0);
INSERT INTO public.parameters (id, parameter_name, units, reference_range, parameter_code) VALUES ('c9678cc4-86d2-4947-9b09-489445d22ba8', 'PSA', 'ng/ml', '0.0 - 4.0', 'P128');
INSERT INTO public.test_parameters (test_id, parameter_id, sort_order) VALUES ('3ddcd837-b91c-4ed4-aad7-1eea68590bcd', 'c9678cc4-86d2-4947-9b09-489445d22ba8', 0);
INSERT INTO public.parameters (id, parameter_name, units, reference_range, parameter_code) VALUES ('641b336e-bd1f-41e5-871c-5b796c7de47d', 'RBS', 'mmol/L', 'Up to 10.0', 'P129');
INSERT INTO public.test_parameters (test_id, parameter_id, sort_order) VALUES ('f942c17b-2a30-4a51-917f-2cc8d1dc8de7', '641b336e-bd1f-41e5-871c-5b796c7de47d', 0);
INSERT INTO public.parameters (id, parameter_name, units, reference_range, parameter_code) VALUES ('04598951-0800-4194-96cf-516fb2e5a2d2', 'H.I.V 2', NULL, NULL, 'P130');
INSERT INTO public.test_parameters (test_id, parameter_id, sort_order) VALUES ('06c36559-1130-4ef1-bd18-755eec7167b7', '04598951-0800-4194-96cf-516fb2e5a2d2', 0);
INSERT INTO public.parameters (id, parameter_name, units, reference_range, parameter_code) VALUES ('d6622934-4020-4a5a-b850-a253390f7b45', 'RHEUMATOID FACTOR', 'lU/L', '< 12', 'P131');
INSERT INTO public.test_parameters (test_id, parameter_id, sort_order) VALUES ('90202bac-0a16-4f2c-babd-60d398214150', 'd6622934-4020-4a5a-b850-a253390f7b45', 0);
INSERT INTO public.parameters (id, parameter_name, units, reference_range, parameter_code) VALUES ('e1bda3a8-a9e6-423a-989b-cc6954ae7fb4', 'ANTIBIOTIC SENSITIVITY', NULL, NULL, 'P132');
INSERT INTO public.test_parameters (test_id, parameter_id, sort_order) VALUES ('97f70417-a653-43cb-8e14-4565c2a20210', 'e1bda3a8-a9e6-423a-989b-cc6954ae7fb4', 1);
INSERT INTO public.parameters (id, parameter_name, units, reference_range, parameter_code) VALUES ('780b3460-33e6-45c6-8f61-7e714421f49b', 'DHEAS', NULL, NULL, 'P133');
INSERT INTO public.test_parameters (test_id, parameter_id, sort_order) VALUES ('de76dcde-4b48-4b41-9f1c-6c9ca8be234a', '780b3460-33e6-45c6-8f61-7e714421f49b', 6);
INSERT INTO public.parameters (id, parameter_name, units, reference_range, parameter_code) VALUES ('c9920aa2-9d36-4dc4-8801-cd5cf26a893a', 'Microalbumin', 'mg/24hrs', NULL, 'P134');
INSERT INTO public.test_parameters (test_id, parameter_id, sort_order) VALUES ('7b0cec1a-1f5a-4ea1-a5fa-8fe170f0c61a', 'c9920aa2-9d36-4dc4-8801-cd5cf26a893a', 0);
INSERT INTO public.parameters (id, parameter_name, units, reference_range, parameter_code) VALUES ('3d53d977-ed6d-480b-bc2e-35121b104a66', 'MICROFILARIA', NULL, NULL, 'P135');
INSERT INTO public.test_parameters (test_id, parameter_id, sort_order) VALUES ('89c52828-8298-40e1-b049-c32d8550fae4', '3d53d977-ed6d-480b-bc2e-35121b104a66', 0);
INSERT INTO public.parameters (id, parameter_name, units, reference_range, parameter_code) VALUES ('08b60708-3133-4d8b-a6ad-8c8d54b50537', 'CULTURE ISOLATE', NULL, NULL, 'P136');
INSERT INTO public.test_parameters (test_id, parameter_id, sort_order) VALUES ('add6b2db-7dac-4420-af39-bdddc2eabd41', '08b60708-3133-4d8b-a6ad-8c8d54b50537', 0);
INSERT INTO public.parameters (id, parameter_name, units, reference_range, parameter_code) VALUES ('70da7714-1253-4b6a-8438-fbb4158b57a3', 'LH', 'lU/L', 'F.Phase: 1.0–10.0  |  Mid-cycle: 10.0–150  |  L.Phase: 1.0–10.0  |  P.menopausal: 8.0–40.8  |  Male: 0.7–7.4', 'P137');
INSERT INTO public.test_parameters (test_id, parameter_id, sort_order) VALUES ('604b7ef0-f336-4664-8c26-cb9a49cfc965', '70da7714-1253-4b6a-8438-fbb4158b57a3', 0);
INSERT INTO public.parameters (id, parameter_name, units, reference_range, parameter_code) VALUES ('a1fae4fe-ece9-4675-ad44-375046553a45', 'FSH', 'lU/L', 'F.Phase: 2.0–12.0  |  Mid-cycle: 8.0–120  |  L.Phase: 2.0–12.0  |  P.menopausal: 35–150  |  Male: 1.0–14.0', 'P138');
INSERT INTO public.test_parameters (test_id, parameter_id, sort_order) VALUES ('604b7ef0-f336-4664-8c26-cb9a49cfc965', 'a1fae4fe-ece9-4675-ad44-375046553a45', 1);
INSERT INTO public.parameters (id, parameter_name, units, reference_range, parameter_code) VALUES ('6a7f0aa2-1a4f-4eca-be9c-f43560a68195', 'PROL', 'ng/ml', '0 - 20', 'P139');
INSERT INTO public.test_parameters (test_id, parameter_id, sort_order) VALUES ('604b7ef0-f336-4664-8c26-cb9a49cfc965', '6a7f0aa2-1a4f-4eca-be9c-f43560a68195', 2);
INSERT INTO public.parameters (id, parameter_name, units, reference_range, parameter_code) VALUES ('692f11d7-55f0-4a4a-905a-d4361e6806dc', 'E2', 'pg/ml', 'Follicular: 30–100  |  Midcycle: 100–400  |  Luteal: 60–150  |  P.Menopausal: 0–30', 'P140');
INSERT INTO public.test_parameters (test_id, parameter_id, sort_order) VALUES ('604b7ef0-f336-4664-8c26-cb9a49cfc965', '692f11d7-55f0-4a4a-905a-d4361e6806dc', 3);
INSERT INTO public.parameters (id, parameter_name, units, reference_range, parameter_code) VALUES ('bd061a18-2d5f-48e4-9cac-295ecf0939e6', 'AST', 'U/L', '0.0 - 38.0', 'P141');
INSERT INTO public.test_parameters (test_id, parameter_id, sort_order) VALUES ('0b71d5a2-0872-4dbc-a349-746f50705ce4', 'bd061a18-2d5f-48e4-9cac-295ecf0939e6', 0);
INSERT INTO public.parameters (id, parameter_name, units, reference_range, parameter_code) VALUES ('36c93d19-b1c8-4e22-90b8-0eefcb2b771c', 'ALT', 'U/L', '5.0 - 38.0', 'P142');
INSERT INTO public.test_parameters (test_id, parameter_id, sort_order) VALUES ('0b71d5a2-0872-4dbc-a349-746f50705ce4', '36c93d19-b1c8-4e22-90b8-0eefcb2b771c', 1);
INSERT INTO public.parameters (id, parameter_name, units, reference_range, parameter_code) VALUES ('5ee7fc88-84c0-43ac-af16-22e7e13b4091', 'ALP', 'U/L', '< 270', 'P143');
INSERT INTO public.test_parameters (test_id, parameter_id, sort_order) VALUES ('0b71d5a2-0872-4dbc-a349-746f50705ce4', '5ee7fc88-84c0-43ac-af16-22e7e13b4091', 2);
INSERT INTO public.parameters (id, parameter_name, units, reference_range, parameter_code) VALUES ('388475eb-7032-450f-94dc-75c6691167d0', 'ALBUMIN', 'g/L', '35.0 - 53.0', 'P144');
INSERT INTO public.test_parameters (test_id, parameter_id, sort_order) VALUES ('0b71d5a2-0872-4dbc-a349-746f50705ce4', '388475eb-7032-450f-94dc-75c6691167d0', 3);
INSERT INTO public.parameters (id, parameter_name, units, reference_range, parameter_code) VALUES ('9e209c1e-97fc-40f1-b5d6-d9f33a41f7ed', 'TOTAL PROTEIN', 'g/L', '66.0 - 83.0', 'P145');
INSERT INTO public.test_parameters (test_id, parameter_id, sort_order) VALUES ('0b71d5a2-0872-4dbc-a349-746f50705ce4', '9e209c1e-97fc-40f1-b5d6-d9f33a41f7ed', 4);
INSERT INTO public.parameters (id, parameter_name, units, reference_range, parameter_code) VALUES ('fce6f5e7-c51a-4e4c-a3e2-0a5ce40cb5de', 'TOTAL BILIRUBIN', 'umol/L', '3.4 - 20.5', 'P146');
INSERT INTO public.test_parameters (test_id, parameter_id, sort_order) VALUES ('0b71d5a2-0872-4dbc-a349-746f50705ce4', 'fce6f5e7-c51a-4e4c-a3e2-0a5ce40cb5de', 5);
INSERT INTO public.parameters (id, parameter_name, units, reference_range, parameter_code) VALUES ('c4615515-187a-4c37-91f5-15493cce87d1', 'DIRECT BILIRUBIN', 'umol/L', '0.0 - 6.8', 'P147');
INSERT INTO public.test_parameters (test_id, parameter_id, sort_order) VALUES ('0b71d5a2-0872-4dbc-a349-746f50705ce4', 'c4615515-187a-4c37-91f5-15493cce87d1', 6);
INSERT INTO public.parameters (id, parameter_name, units, reference_range, parameter_code) VALUES ('8aee484c-bfbe-4ff2-8f8e-81bba78253ee', 'INDIRECT BILIRUBIN', 'umol/L', '2.0 - 17.0', 'P148');
INSERT INTO public.test_parameters (test_id, parameter_id, sort_order) VALUES ('0b71d5a2-0872-4dbc-a349-746f50705ce4', '8aee484c-bfbe-4ff2-8f8e-81bba78253ee', 7);
INSERT INTO public.parameters (id, parameter_name, units, reference_range, parameter_code) VALUES ('2c891def-214e-471b-9976-15db67eef785', 'GGT', 'U/L', '8.0 - 54.0', 'P149');
INSERT INTO public.test_parameters (test_id, parameter_id, sort_order) VALUES ('0b71d5a2-0872-4dbc-a349-746f50705ce4', '2c891def-214e-471b-9976-15db67eef785', 8);
INSERT INTO public.parameters (id, parameter_name, units, reference_range, parameter_code) VALUES ('20d25e2c-edf1-41b7-8330-5530b3db77da', 'Total Cholesterol', 'mmol/L', '< 6.2', 'P150');
INSERT INTO public.test_parameters (test_id, parameter_id, sort_order) VALUES ('81211c47-9a8e-48ae-9de2-72d977c13315', '20d25e2c-edf1-41b7-8330-5530b3db77da', 0);
INSERT INTO public.parameters (id, parameter_name, units, reference_range, parameter_code) VALUES ('f61d7b44-d350-48c3-82fa-627d216763f3', 'Triglycerides', 'mmol/L', '0.17 - 2.77', 'P151');
INSERT INTO public.test_parameters (test_id, parameter_id, sort_order) VALUES ('81211c47-9a8e-48ae-9de2-72d977c13315', 'f61d7b44-d350-48c3-82fa-627d216763f3', 1);
INSERT INTO public.parameters (id, parameter_name, units, reference_range, parameter_code) VALUES ('f729aa7e-1796-46dd-bfc5-8db7703f4f36', 'HDL Cholesterol', 'mmol/L', '0.9 - 3.2', 'P152');
INSERT INTO public.test_parameters (test_id, parameter_id, sort_order) VALUES ('81211c47-9a8e-48ae-9de2-72d977c13315', 'f729aa7e-1796-46dd-bfc5-8db7703f4f36', 2);
INSERT INTO public.parameters (id, parameter_name, units, reference_range, parameter_code) VALUES ('38dc929a-7101-4d1e-9ef0-b9a286915d91', 'LDL Cholesterol', 'mmol/L', '< 4.6', 'P153');
INSERT INTO public.test_parameters (test_id, parameter_id, sort_order) VALUES ('81211c47-9a8e-48ae-9de2-72d977c13315', '38dc929a-7101-4d1e-9ef0-b9a286915d91', 3);
INSERT INTO public.parameters (id, parameter_name, units, reference_range, parameter_code) VALUES ('b96baad1-8617-4833-a140-f2d8b4967024', 'Coronary Risk', 'mmol/L', '< 4.5', 'P154');
INSERT INTO public.test_parameters (test_id, parameter_id, sort_order) VALUES ('81211c47-9a8e-48ae-9de2-72d977c13315', 'b96baad1-8617-4833-a140-f2d8b4967024', 4);
INSERT INTO public.parameters (id, parameter_name, units, reference_range, parameter_code) VALUES ('895c1990-2f20-4e82-8829-459e1aacc22f', 'Fasting Blood Sugar (FBS)', 'mmol/L', '3.4 - 6.4', 'P155');
INSERT INTO public.test_parameters (test_id, parameter_id, sort_order) VALUES ('0b9d8ccd-3cf3-45bf-b8d4-2076db9b6c1f', '895c1990-2f20-4e82-8829-459e1aacc22f', 0);
INSERT INTO public.parameters (id, parameter_name, units, reference_range, parameter_code) VALUES ('40ece876-0d48-4984-bba4-d96494ab34bf', 'WBC', '×10⁹/L', '2.5 - 8.5', 'P156');
INSERT INTO public.test_parameters (test_id, parameter_id, sort_order) VALUES ('e6ac0274-de6e-4579-9c50-e3c44916ab00', '40ece876-0d48-4984-bba4-d96494ab34bf', 0);
INSERT INTO public.parameters (id, parameter_name, units, reference_range, parameter_code) VALUES ('8ed3b3bf-82db-44a8-b0d1-d49da9c573b8', 'Lymph#', '×10⁹/L', '0.8 - 4.0', 'P157');
INSERT INTO public.test_parameters (test_id, parameter_id, sort_order) VALUES ('e6ac0274-de6e-4579-9c50-e3c44916ab00', '8ed3b3bf-82db-44a8-b0d1-d49da9c573b8', 1);
INSERT INTO public.parameters (id, parameter_name, units, reference_range, parameter_code) VALUES ('5136d3c1-80b9-42d7-aaf1-99f454396cc1', 'Mid#', '×10⁹/L', '0.1 - 1.2', 'P158');
INSERT INTO public.test_parameters (test_id, parameter_id, sort_order) VALUES ('e6ac0274-de6e-4579-9c50-e3c44916ab00', '5136d3c1-80b9-42d7-aaf1-99f454396cc1', 2);
INSERT INTO public.parameters (id, parameter_name, units, reference_range, parameter_code) VALUES ('575e4d8d-255e-4eb1-a834-e0dbf6352446', 'Gran#', '×10⁹/L', '2.0 - 7.0', 'P159');
INSERT INTO public.test_parameters (test_id, parameter_id, sort_order) VALUES ('e6ac0274-de6e-4579-9c50-e3c44916ab00', '575e4d8d-255e-4eb1-a834-e0dbf6352446', 3);
INSERT INTO public.parameters (id, parameter_name, units, reference_range, parameter_code) VALUES ('5ffea9ab-d3ee-49a3-b201-d011429aee78', 'Lymph%', '%', '20.0 - 40.0', 'P160');
INSERT INTO public.test_parameters (test_id, parameter_id, sort_order) VALUES ('e6ac0274-de6e-4579-9c50-e3c44916ab00', '5ffea9ab-d3ee-49a3-b201-d011429aee78', 4);
INSERT INTO public.parameters (id, parameter_name, units, reference_range, parameter_code) VALUES ('a664cb91-5986-4474-aeff-9e1b201b54dd', 'Mid%', '%', '3.0 - 14.0', 'P161');
INSERT INTO public.test_parameters (test_id, parameter_id, sort_order) VALUES ('e6ac0274-de6e-4579-9c50-e3c44916ab00', 'a664cb91-5986-4474-aeff-9e1b201b54dd', 5);
INSERT INTO public.parameters (id, parameter_name, units, reference_range, parameter_code) VALUES ('897cb940-23f0-4b68-bf9e-c4e9ab6d0db4', 'Gran%', '%', '50.0 - 70.0', 'P162');
INSERT INTO public.test_parameters (test_id, parameter_id, sort_order) VALUES ('e6ac0274-de6e-4579-9c50-e3c44916ab00', '897cb940-23f0-4b68-bf9e-c4e9ab6d0db4', 6);
INSERT INTO public.parameters (id, parameter_name, units, reference_range, parameter_code) VALUES ('594ff98e-51cf-45db-84eb-8d5b8403eddb', 'HGB', 'g/dL', '11.0 - 18.0', 'P163');
INSERT INTO public.test_parameters (test_id, parameter_id, sort_order) VALUES ('e6ac0274-de6e-4579-9c50-e3c44916ab00', '594ff98e-51cf-45db-84eb-8d5b8403eddb', 7);
INSERT INTO public.parameters (id, parameter_name, units, reference_range, parameter_code) VALUES ('9a016a7f-ff99-4348-bef4-2b40089601ab', 'RBC', '×10¹²/L', '3.60 - 5.50', 'P164');
INSERT INTO public.test_parameters (test_id, parameter_id, sort_order) VALUES ('e6ac0274-de6e-4579-9c50-e3c44916ab00', '9a016a7f-ff99-4348-bef4-2b40089601ab', 8);
INSERT INTO public.parameters (id, parameter_name, units, reference_range, parameter_code) VALUES ('42d31cf5-fc55-4122-8070-7e080ebc1553', 'HCT', '%', '33.0 - 54.0', 'P165');
INSERT INTO public.test_parameters (test_id, parameter_id, sort_order) VALUES ('e6ac0274-de6e-4579-9c50-e3c44916ab00', '42d31cf5-fc55-4122-8070-7e080ebc1553', 9);
INSERT INTO public.parameters (id, parameter_name, units, reference_range, parameter_code) VALUES ('d624ee1b-4cc5-412e-9283-c5ebab0d1303', 'MCV', 'fL', '76.0 - 96.0', 'P166');
INSERT INTO public.test_parameters (test_id, parameter_id, sort_order) VALUES ('e6ac0274-de6e-4579-9c50-e3c44916ab00', 'd624ee1b-4cc5-412e-9283-c5ebab0d1303', 10);
INSERT INTO public.parameters (id, parameter_name, units, reference_range, parameter_code) VALUES ('afe93a48-7bf0-4d99-a957-24849d1dc994', 'MCH', 'pg', '27.0 - 32.0', 'P167');
INSERT INTO public.test_parameters (test_id, parameter_id, sort_order) VALUES ('e6ac0274-de6e-4579-9c50-e3c44916ab00', 'afe93a48-7bf0-4d99-a957-24849d1dc994', 11);
INSERT INTO public.parameters (id, parameter_name, units, reference_range, parameter_code) VALUES ('506e3bda-8d53-49a0-b190-8059e902c00e', 'MCHC', 'g/dL', '32.0 - 36.0', 'P168');
INSERT INTO public.test_parameters (test_id, parameter_id, sort_order) VALUES ('e6ac0274-de6e-4579-9c50-e3c44916ab00', '506e3bda-8d53-49a0-b190-8059e902c00e', 12);
INSERT INTO public.parameters (id, parameter_name, units, reference_range, parameter_code) VALUES ('4d6a6f6a-c7da-4c1b-9dd8-cc1d943a20b2', 'RDW-CV', '%', '11.0 - 16.0', 'P169');
INSERT INTO public.test_parameters (test_id, parameter_id, sort_order) VALUES ('e6ac0274-de6e-4579-9c50-e3c44916ab00', '4d6a6f6a-c7da-4c1b-9dd8-cc1d943a20b2', 13);
INSERT INTO public.parameters (id, parameter_name, units, reference_range, parameter_code) VALUES ('120e339f-e0be-43d2-b8cf-b573eb8cd91c', 'RDW-SD', 'fL', '35.0 - 56.0', 'P170');
INSERT INTO public.test_parameters (test_id, parameter_id, sort_order) VALUES ('e6ac0274-de6e-4579-9c50-e3c44916ab00', '120e339f-e0be-43d2-b8cf-b573eb8cd91c', 14);
INSERT INTO public.parameters (id, parameter_name, units, reference_range, parameter_code) VALUES ('f08e974a-343c-409a-ab47-9040587dc0c7', 'PLT', '×10⁹/L', '150 - 400', 'P171');
INSERT INTO public.test_parameters (test_id, parameter_id, sort_order) VALUES ('e6ac0274-de6e-4579-9c50-e3c44916ab00', 'f08e974a-343c-409a-ab47-9040587dc0c7', 15);
INSERT INTO public.parameters (id, parameter_name, units, reference_range, parameter_code) VALUES ('50391b98-50cb-4899-a04e-fff927516cac', 'MPV', 'fL', '8.0 - 15.0', 'P172');
INSERT INTO public.test_parameters (test_id, parameter_id, sort_order) VALUES ('e6ac0274-de6e-4579-9c50-e3c44916ab00', '50391b98-50cb-4899-a04e-fff927516cac', 16);
INSERT INTO public.parameters (id, parameter_name, units, reference_range, parameter_code) VALUES ('4cfca16a-5f64-49fe-bccc-38f31bfd63a4', 'PDW', NULL, '9.0 - 17.0', 'P173');
INSERT INTO public.test_parameters (test_id, parameter_id, sort_order) VALUES ('e6ac0274-de6e-4579-9c50-e3c44916ab00', '4cfca16a-5f64-49fe-bccc-38f31bfd63a4', 17);
INSERT INTO public.parameters (id, parameter_name, units, reference_range, parameter_code) VALUES ('78dcd9ee-fbcf-4557-8370-4175ea8f9439', 'PCT', '%', '0.108 - 0.282', 'P174');
INSERT INTO public.test_parameters (test_id, parameter_id, sort_order) VALUES ('e6ac0274-de6e-4579-9c50-e3c44916ab00', '78dcd9ee-fbcf-4557-8370-4175ea8f9439', 18);
INSERT INTO public.parameters (id, parameter_name, units, reference_range, parameter_code) VALUES ('fabed8c9-f89d-4402-b8e6-a731d5eb51e6', 'RETROSCREEN', NULL, NULL, 'P175');
INSERT INTO public.test_parameters (test_id, parameter_id, sort_order) VALUES ('adbeaa43-31da-494a-94cd-4c512f2cc87d', 'fabed8c9-f89d-4402-b8e6-a731d5eb51e6', 0);
INSERT INTO public.parameters (id, parameter_name, units, reference_range, parameter_code) VALUES ('64950244-3cc9-4b1d-9eff-dab07825f4e8', 'H. PYLORI (BLOOD)', NULL, NULL, 'P176');
INSERT INTO public.test_parameters (test_id, parameter_id, sort_order) VALUES ('03aab8ae-3674-451c-b12d-d6bf3c6513bf', '64950244-3cc9-4b1d-9eff-dab07825f4e8', 0);
INSERT INTO public.parameters (id, parameter_name, units, reference_range, parameter_code) VALUES ('57256677-8b03-4c10-be7a-1986694a9c3d', 'H. PYLORI (STOOL)', NULL, NULL, 'P177');
INSERT INTO public.test_parameters (test_id, parameter_id, sort_order) VALUES ('bfc65a5d-e571-4995-8c53-43293e5d50ec', '57256677-8b03-4c10-be7a-1986694a9c3d', 0);
INSERT INTO public.parameters (id, parameter_name, units, reference_range, parameter_code) VALUES ('8642faaf-23aa-4303-8976-2616e64636a5', 'HEPATITIS B VIRUS (HBsAg)', NULL, NULL, 'P178');
INSERT INTO public.test_parameters (test_id, parameter_id, sort_order) VALUES ('9fff07f9-48f0-45db-863d-8082d92c0218', '8642faaf-23aa-4303-8976-2616e64636a5', 0);
INSERT INTO public.parameters (id, parameter_name, units, reference_range, parameter_code) VALUES ('08837497-e8f1-4a97-9c88-bf50941f92c5', 'HEPATITIS C VIRUS (HCV)', NULL, NULL, 'P179');
INSERT INTO public.test_parameters (test_id, parameter_id, sort_order) VALUES ('ad2b9df1-facb-4f63-9e44-7e125b4d753d', '08837497-e8f1-4a97-9c88-bf50941f92c5', 0);
INSERT INTO public.parameters (id, parameter_name, units, reference_range, parameter_code) VALUES ('84ef5631-836c-4bed-9358-226c664087b6', 'VDRL (SYPHILIS)', NULL, NULL, 'P180');
INSERT INTO public.test_parameters (test_id, parameter_id, sort_order) VALUES ('dd6a0cbb-6d66-4659-97ac-14a94a92b3e0', '84ef5631-836c-4bed-9358-226c664087b6', 0);
INSERT INTO public.parameters (id, parameter_name, units, reference_range, parameter_code) VALUES ('0cc418a6-a881-4f00-9c51-b6dff69780a5', 'HBA1C', '%', 'Non-Diabetic: 4.5–5.9  |  Good: 5.9–6.7  |  Fair: 6.7–7.4  |  Poor: > 7.4', 'P181');
INSERT INTO public.test_parameters (test_id, parameter_id, sort_order) VALUES ('14915a9d-4ec9-40eb-9fad-281cc71a2bd6', '0cc418a6-a881-4f00-9c51-b6dff69780a5', 0);
INSERT INTO public.parameters (id, parameter_name, units, reference_range, parameter_code) VALUES ('553e58c2-9083-431d-803e-753f73050f4f', 'RETIC#', '×10¹²/uL', '0.0200 - 0.2000', 'P182');
INSERT INTO public.test_parameters (test_id, parameter_id, sort_order) VALUES ('3f3c0028-53a8-44d4-bbdb-e4e478b38e85', '553e58c2-9083-431d-803e-753f73050f4f', 0);
INSERT INTO public.parameters (id, parameter_name, units, reference_range, parameter_code) VALUES ('3b3856cf-1dd7-4fd3-8b0c-5d3056c9a3b8', 'RETIC%', '%', '0.050 - 0.50', 'P183');
INSERT INTO public.test_parameters (test_id, parameter_id, sort_order) VALUES ('3f3c0028-53a8-44d4-bbdb-e4e478b38e85', '3b3856cf-1dd7-4fd3-8b0c-5d3056c9a3b8', 1);
INSERT INTO public.parameters (id, parameter_name, units, reference_range, parameter_code) VALUES ('953c3f62-b331-41d8-9b53-824c424116f6', 'AMYLASE', 'U/L', '40.0 - 140.0', 'P184');
INSERT INTO public.test_parameters (test_id, parameter_id, sort_order) VALUES ('247265aa-e4ee-498f-aa43-98e3a6128d54', '953c3f62-b331-41d8-9b53-824c424116f6', 0);
INSERT INTO public.parameters (id, parameter_name, units, reference_range, parameter_code) VALUES ('34a3301f-28e0-40be-a171-15f1dad9c0f2', 'LIPASE', 'U/L', '0.0 - 160.0', 'P185');
INSERT INTO public.test_parameters (test_id, parameter_id, sort_order) VALUES ('7aa826d9-18ab-483e-b6ac-dafdb78fc24b', '34a3301f-28e0-40be-a171-15f1dad9c0f2', 0);
INSERT INTO public.parameters (id, parameter_name, units, reference_range, parameter_code) VALUES ('6b695eef-1cf9-468c-9a36-12a6e570f33b', 'MACROSCOPY', NULL, NULL, 'P186');
INSERT INTO public.test_parameters (test_id, parameter_id, sort_order) VALUES ('7071bff9-ded5-43ce-bb34-1ead1fb5f02a', '6b695eef-1cf9-468c-9a36-12a6e570f33b', 0);
INSERT INTO public.parameters (id, parameter_name, units, reference_range, parameter_code) VALUES ('ccc2c0ad-0e26-4539-8349-eec876f173b5', 'CONSISTENCY', NULL, NULL, 'P187');
INSERT INTO public.test_parameters (test_id, parameter_id, sort_order) VALUES ('7071bff9-ded5-43ce-bb34-1ead1fb5f02a', 'ccc2c0ad-0e26-4539-8349-eec876f173b5', 1);
INSERT INTO public.parameters (id, parameter_name, units, reference_range, parameter_code) VALUES ('7e9dda96-4607-4be8-94fc-0a09ed3ea9ad', 'COLOUR', NULL, NULL, 'P188');
INSERT INTO public.test_parameters (test_id, parameter_id, sort_order) VALUES ('7071bff9-ded5-43ce-bb34-1ead1fb5f02a', '7e9dda96-4607-4be8-94fc-0a09ed3ea9ad', 2);
INSERT INTO public.parameters (id, parameter_name, units, reference_range, parameter_code) VALUES ('c952bfa4-986b-4939-9948-60ed52d68203', 'MUCUS', NULL, NULL, 'P189');
INSERT INTO public.test_parameters (test_id, parameter_id, sort_order) VALUES ('7071bff9-ded5-43ce-bb34-1ead1fb5f02a', 'c952bfa4-986b-4939-9948-60ed52d68203', 3);
INSERT INTO public.parameters (id, parameter_name, units, reference_range, parameter_code) VALUES ('252b0cac-6921-473e-a6d2-1edc77df41ef', 'MICROSCOPY', NULL, NULL, 'P190');
INSERT INTO public.test_parameters (test_id, parameter_id, sort_order) VALUES ('7071bff9-ded5-43ce-bb34-1ead1fb5f02a', '252b0cac-6921-473e-a6d2-1edc77df41ef', 4);
INSERT INTO public.parameters (id, parameter_name, units, reference_range, parameter_code) VALUES ('ec12b901-7e95-46fe-8146-b2f7f88237a8', 'PUS CELL (PC)', NULL, NULL, 'P191');
INSERT INTO public.test_parameters (test_id, parameter_id, sort_order) VALUES ('7071bff9-ded5-43ce-bb34-1ead1fb5f02a', 'ec12b901-7e95-46fe-8146-b2f7f88237a8', 5);
INSERT INTO public.parameters (id, parameter_name, units, reference_range, parameter_code) VALUES ('d79d8516-0cce-4544-8c93-51c20cd82a8f', 'RED BLOOD CELL (RBC)', NULL, NULL, 'P192');
INSERT INTO public.test_parameters (test_id, parameter_id, sort_order) VALUES ('7071bff9-ded5-43ce-bb34-1ead1fb5f02a', 'd79d8516-0cce-4544-8c93-51c20cd82a8f', 6);
INSERT INTO public.parameters (id, parameter_name, units, reference_range, parameter_code) VALUES ('87d9f311-5045-4ce2-a0eb-a5daf17b3392', 'VEGETATIVE FORMS', NULL, NULL, 'P193');
INSERT INTO public.test_parameters (test_id, parameter_id, sort_order) VALUES ('7071bff9-ded5-43ce-bb34-1ead1fb5f02a', '87d9f311-5045-4ce2-a0eb-a5daf17b3392', 7);
INSERT INTO public.parameters (id, parameter_name, units, reference_range, parameter_code) VALUES ('1656fbac-d5ba-452d-9c06-7b181f0ec8bf', 'OVA', NULL, NULL, 'P194');
INSERT INTO public.test_parameters (test_id, parameter_id, sort_order) VALUES ('7071bff9-ded5-43ce-bb34-1ead1fb5f02a', '1656fbac-d5ba-452d-9c06-7b181f0ec8bf', 8);
INSERT INTO public.parameters (id, parameter_name, units, reference_range, parameter_code) VALUES ('613e5771-30f7-425e-a259-d10be32e16bb', 'CRYSTALS', NULL, NULL, 'P195');
INSERT INTO public.test_parameters (test_id, parameter_id, sort_order) VALUES ('7071bff9-ded5-43ce-bb34-1ead1fb5f02a', '613e5771-30f7-425e-a259-d10be32e16bb', 9);
INSERT INTO public.parameters (id, parameter_name, units, reference_range, parameter_code) VALUES ('77c9ef06-8e0f-406b-93d1-bda33237d92c', 'FOB', NULL, NULL, 'P196');
INSERT INTO public.test_parameters (test_id, parameter_id, sort_order) VALUES ('356bf694-f5bd-4121-b362-ed0a70b1d49f', '77c9ef06-8e0f-406b-93d1-bda33237d92c', 0);
INSERT INTO public.parameters (id, parameter_name, units, reference_range, parameter_code) VALUES ('d6dad32e-b68c-4f57-a550-e74c4a27c996', 'SICKLING', NULL, NULL, 'P197');
INSERT INTO public.test_parameters (test_id, parameter_id, sort_order) VALUES ('9d1fa944-a4cd-4468-8bc5-3e57ec99c9e4', 'd6dad32e-b68c-4f57-a550-e74c4a27c996', 0);
INSERT INTO public.parameters (id, parameter_name, units, reference_range, parameter_code) VALUES ('45a27fbc-1f76-442b-a0d8-60a8fcf10366', 'HB ELECT', NULL, NULL, 'P198');
INSERT INTO public.test_parameters (test_id, parameter_id, sort_order) VALUES ('9d1fa944-a4cd-4468-8bc5-3e57ec99c9e4', '45a27fbc-1f76-442b-a0d8-60a8fcf10366', 1);
INSERT INTO public.parameters (id, parameter_name, units, reference_range, parameter_code) VALUES ('a260ed63-0c68-4448-af03-ee97451165b3', 'Na+', 'mmol/L', '135.0 - 155.0', 'P199');
INSERT INTO public.test_parameters (test_id, parameter_id, sort_order) VALUES ('73ffc46b-2725-49ce-b7cc-b86584adaecc', 'a260ed63-0c68-4448-af03-ee97451165b3', 0);
INSERT INTO public.parameters (id, parameter_name, units, reference_range, parameter_code) VALUES ('c5ce499d-4ca2-4818-95dd-ce2433013736', 'K+', 'mmol/L', '3.4 - 5.4', 'P200');
INSERT INTO public.test_parameters (test_id, parameter_id, sort_order) VALUES ('73ffc46b-2725-49ce-b7cc-b86584adaecc', 'c5ce499d-4ca2-4818-95dd-ce2433013736', 1);
INSERT INTO public.parameters (id, parameter_name, units, reference_range, parameter_code) VALUES ('e11c9db1-de26-4939-b593-d8d6c155706a', 'Cl-', 'mmol/L', '96.0 - 110.0', 'P201');
INSERT INTO public.test_parameters (test_id, parameter_id, sort_order) VALUES ('73ffc46b-2725-49ce-b7cc-b86584adaecc', 'e11c9db1-de26-4939-b593-d8d6c155706a', 2);
INSERT INTO public.parameters (id, parameter_name, units, reference_range, parameter_code) VALUES ('7c8d8098-92cd-4e6b-a3cc-850bfd74cc2d', 'MAGNESIUM', 'mmol/L', '0.8 - 1.0', 'P202');
INSERT INTO public.test_parameters (test_id, parameter_id, sort_order) VALUES ('4411cdb8-2660-447a-8968-9bffda7f26a2', '7c8d8098-92cd-4e6b-a3cc-850bfd74cc2d', 0);
INSERT INTO public.parameters (id, parameter_name, units, reference_range, parameter_code) VALUES ('6defe7d9-d399-4769-8ae0-fa9c49ec4726', 'TOTAL BILIRUBIN', 'umol/L', '3.4 - 20.5', 'P203');
INSERT INTO public.test_parameters (test_id, parameter_id, sort_order) VALUES ('22ea9952-dba7-442a-b56b-01f751b9dd74', '6defe7d9-d399-4769-8ae0-fa9c49ec4726', 0);
INSERT INTO public.parameters (id, parameter_name, units, reference_range, parameter_code) VALUES ('ff36fd6f-aafa-44fe-9296-4ffae6cbb115', 'DIRECT BILIRUBIN', 'umol/L', '0.0 - 6.8', 'P204');
INSERT INTO public.test_parameters (test_id, parameter_id, sort_order) VALUES ('22ea9952-dba7-442a-b56b-01f751b9dd74', 'ff36fd6f-aafa-44fe-9296-4ffae6cbb115', 1);
INSERT INTO public.parameters (id, parameter_name, units, reference_range, parameter_code) VALUES ('ab6fa001-fddb-4397-b2ba-23cfe6f46985', 'INDIRECT BILIRUBIN', 'umol/L', '2.0 - 17.0', 'P205');
INSERT INTO public.test_parameters (test_id, parameter_id, sort_order) VALUES ('22ea9952-dba7-442a-b56b-01f751b9dd74', 'ab6fa001-fddb-4397-b2ba-23cfe6f46985', 2);
INSERT INTO public.parameters (id, parameter_name, units, reference_range, parameter_code) VALUES ('19220643-3bd5-4321-8387-05ed675075bd', 'AST', 'U/L', '0.0 - 38.0', 'P206');
INSERT INTO public.test_parameters (test_id, parameter_id, sort_order) VALUES ('d5c5b15a-80a0-424c-8f8b-a0ad97a0d272', '19220643-3bd5-4321-8387-05ed675075bd', 0);
INSERT INTO public.parameters (id, parameter_name, units, reference_range, parameter_code) VALUES ('13fb8f20-cba4-42d0-be42-cb763f62bcf1', 'CREATININE KINASE', 'U/L', '30.0 - 170.0', 'P207');
INSERT INTO public.test_parameters (test_id, parameter_id, sort_order) VALUES ('d5c5b15a-80a0-424c-8f8b-a0ad97a0d272', '13fb8f20-cba4-42d0-be42-cb763f62bcf1', 1);
INSERT INTO public.parameters (id, parameter_name, units, reference_range, parameter_code) VALUES ('fd1cea52-6e7b-42e8-9bae-b54734e03f04', 'CREATININE KINASE-MB', 'ng/mL', '0.0 - 16.0', 'P208');
INSERT INTO public.test_parameters (test_id, parameter_id, sort_order) VALUES ('d5c5b15a-80a0-424c-8f8b-a0ad97a0d272', 'fd1cea52-6e7b-42e8-9bae-b54734e03f04', 2);
INSERT INTO public.parameters (id, parameter_name, units, reference_range, parameter_code) VALUES ('bd434562-16ab-4317-80e0-3a95e8a5494f', 'LDH', 'U/L', '117 - 256', 'P209');
INSERT INTO public.test_parameters (test_id, parameter_id, sort_order) VALUES ('d5c5b15a-80a0-424c-8f8b-a0ad97a0d272', 'bd434562-16ab-4317-80e0-3a95e8a5494f', 3);
INSERT INTO public.parameters (id, parameter_name, units, reference_range, parameter_code) VALUES ('d570377a-8f23-4431-8883-fb1c70a123b5', 'TROPONIN I', 'ng/mL', '0.0 - 0.500', 'P210');
INSERT INTO public.test_parameters (test_id, parameter_id, sort_order) VALUES ('d5c5b15a-80a0-424c-8f8b-a0ad97a0d272', 'd570377a-8f23-4431-8883-fb1c70a123b5', 4);
INSERT INTO public.parameters (id, parameter_name, units, reference_range, parameter_code) VALUES ('2ab37763-d900-490a-b940-b9c9a30c93eb', 'TROPONIN T', 'U/L', '0.0 - 0.500', 'P211');
INSERT INTO public.test_parameters (test_id, parameter_id, sort_order) VALUES ('d5c5b15a-80a0-424c-8f8b-a0ad97a0d272', '2ab37763-d900-490a-b940-b9c9a30c93eb', 5);
INSERT INTO public.parameters (id, parameter_name, units, reference_range, parameter_code) VALUES ('b2706fd3-f587-448a-b881-80e03780c592', 'TROPONIN T', 'U/L', '0.0 - 0.500', 'P212');
INSERT INTO public.test_parameters (test_id, parameter_id, sort_order) VALUES ('49708aec-4096-47aa-bfb8-ef41ad32d390', 'b2706fd3-f587-448a-b881-80e03780c592', 0);
INSERT INTO public.parameters (id, parameter_name, units, reference_range, parameter_code) VALUES ('d9ae4abf-a4e0-4d81-8a3f-7c95d3273e7b', 'BLOOD GROUP', NULL, NULL, 'P213');
INSERT INTO public.test_parameters (test_id, parameter_id, sort_order) VALUES ('cc8b9dab-3f57-455b-99d4-2c41ed4e8740', 'd9ae4abf-a4e0-4d81-8a3f-7c95d3273e7b', 0);
INSERT INTO public.parameters (id, parameter_name, units, reference_range, parameter_code) VALUES ('16af0a63-d658-494c-bbb9-ae2c9703460c', 'RHESUS', NULL, NULL, 'P214');
INSERT INTO public.test_parameters (test_id, parameter_id, sort_order) VALUES ('cc8b9dab-3f57-455b-99d4-2c41ed4e8740', '16af0a63-d658-494c-bbb9-ae2c9703460c', 1);
INSERT INTO public.parameters (id, parameter_name, units, reference_range, parameter_code) VALUES ('6cc9df59-f387-49b3-9139-7aae419cf301', 'FT3', 'nmol/L', '3.1 - 6.8', 'P215');
INSERT INTO public.test_parameters (test_id, parameter_id, sort_order) VALUES ('2e3c3049-dab6-43fa-b723-61aaef69c897', '6cc9df59-f387-49b3-9139-7aae419cf301', 0);
INSERT INTO public.parameters (id, parameter_name, units, reference_range, parameter_code) VALUES ('31bc49be-9e42-422b-b297-a5d9e5108e93', 'FT4', 'nmol/L', '12.0 - 22.0', 'P216');
INSERT INTO public.test_parameters (test_id, parameter_id, sort_order) VALUES ('2e3c3049-dab6-43fa-b723-61aaef69c897', '31bc49be-9e42-422b-b297-a5d9e5108e93', 1);
INSERT INTO public.parameters (id, parameter_name, units, reference_range, parameter_code) VALUES ('7d4b242c-4306-4169-8429-38a1150784a1', 'TSH', 'mIU/L', '0.3 - 4.2', 'P217');
INSERT INTO public.test_parameters (test_id, parameter_id, sort_order) VALUES ('2e3c3049-dab6-43fa-b723-61aaef69c897', '7d4b242c-4306-4169-8429-38a1150784a1', 2);
INSERT INTO public.parameters (id, parameter_name, units, reference_range, parameter_code) VALUES ('cd3e776c-2bb9-4038-9b6f-3af7780c7f12', 'SALMONELLA TYPHI-H.', NULL, '1/20', 'P218');
INSERT INTO public.test_parameters (test_id, parameter_id, sort_order) VALUES ('0fcaa168-c549-4c1f-b007-c9d0c4459d56', 'cd3e776c-2bb9-4038-9b6f-3af7780c7f12', 0);
INSERT INTO public.parameters (id, parameter_name, units, reference_range, parameter_code) VALUES ('bf68dcbc-b2ad-4ab7-96c4-78ff25c74125', 'SALMONELLA TYPHI-O.', NULL, '1/20', 'P219');
INSERT INTO public.test_parameters (test_id, parameter_id, sort_order) VALUES ('0fcaa168-c549-4c1f-b007-c9d0c4459d56', 'bf68dcbc-b2ad-4ab7-96c4-78ff25c74125', 1);
INSERT INTO public.parameters (id, parameter_name, units, reference_range, parameter_code) VALUES ('0a3b8c86-17fe-4089-a7fa-ba62b3af6dc0', 'Na+', 'mmol/L', '135.0 - 155.0', 'P220');
INSERT INTO public.test_parameters (test_id, parameter_id, sort_order) VALUES ('8a17701d-416d-40f2-969c-f321de19988b', '0a3b8c86-17fe-4089-a7fa-ba62b3af6dc0', 0);
INSERT INTO public.parameters (id, parameter_name, units, reference_range, parameter_code) VALUES ('59bfd868-3a52-40af-8dc3-374761a75f11', 'K+', 'mmol/L', '3.4 - 5.4', 'P221');
INSERT INTO public.test_parameters (test_id, parameter_id, sort_order) VALUES ('8a17701d-416d-40f2-969c-f321de19988b', '59bfd868-3a52-40af-8dc3-374761a75f11', 1);
INSERT INTO public.parameters (id, parameter_name, units, reference_range, parameter_code) VALUES ('c75cea09-555b-4d11-8c7c-ac1f057a8b03', 'Cl-', 'mmol/L', '96.0 - 110.0', 'P222');
INSERT INTO public.test_parameters (test_id, parameter_id, sort_order) VALUES ('8a17701d-416d-40f2-969c-f321de19988b', 'c75cea09-555b-4d11-8c7c-ac1f057a8b03', 2);
INSERT INTO public.parameters (id, parameter_name, units, reference_range, parameter_code) VALUES ('a2e3e40b-9ded-41db-8498-c86bf2270097', 'Urea', 'mmol/L', '1.7 - 7.5', 'P223');
INSERT INTO public.test_parameters (test_id, parameter_id, sort_order) VALUES ('8a17701d-416d-40f2-969c-f321de19988b', 'a2e3e40b-9ded-41db-8498-c86bf2270097', 3);
INSERT INTO public.parameters (id, parameter_name, units, reference_range, parameter_code) VALUES ('d7ce7ef9-f80f-4652-b3d7-07441cf17a6f', 'Creatinine', 'umol/L', '45.0 - 120.0', 'P224');
INSERT INTO public.test_parameters (test_id, parameter_id, sort_order) VALUES ('8a17701d-416d-40f2-969c-f321de19988b', 'd7ce7ef9-f80f-4652-b3d7-07441cf17a6f', 4);
INSERT INTO public.parameters (id, parameter_name, units, reference_range, parameter_code) VALUES ('f5ecd284-8a46-4e88-b0bc-7942736ebef2', 'EGFR', 'mL/min/1.73m²', NULL, 'P225');
INSERT INTO public.test_parameters (test_id, parameter_id, sort_order) VALUES ('8a17701d-416d-40f2-969c-f321de19988b', 'f5ecd284-8a46-4e88-b0bc-7942736ebef2', 5);
INSERT INTO public.parameters (id, parameter_name, units, reference_range, parameter_code) VALUES ('b9b34d9b-8d76-47c2-a9a3-4aeeae4da5ab', '1st Week', 'mIU/mL', '10 - 30', 'P226');
INSERT INTO public.test_parameters (test_id, parameter_id, sort_order) VALUES ('805d3951-494f-447d-85fb-4904a5bfefb9', 'b9b34d9b-8d76-47c2-a9a3-4aeeae4da5ab', 0);
INSERT INTO public.parameters (id, parameter_name, units, reference_range, parameter_code) VALUES ('28d9c5c6-99b3-4b5e-9e2e-56dc4e1f674f', '2nd Week', 'mIU/mL', '30 - 100', 'P227');
INSERT INTO public.test_parameters (test_id, parameter_id, sort_order) VALUES ('805d3951-494f-447d-85fb-4904a5bfefb9', '28d9c5c6-99b3-4b5e-9e2e-56dc4e1f674f', 1);
INSERT INTO public.parameters (id, parameter_name, units, reference_range, parameter_code) VALUES ('8dece7f6-b724-4ed5-b70c-caa85345f7b3', '3rd Week', 'mIU/mL', '100 - 1,000', 'P228');
INSERT INTO public.test_parameters (test_id, parameter_id, sort_order) VALUES ('805d3951-494f-447d-85fb-4904a5bfefb9', '8dece7f6-b724-4ed5-b70c-caa85345f7b3', 2);
INSERT INTO public.parameters (id, parameter_name, units, reference_range, parameter_code) VALUES ('a4a2da63-2cf9-4809-bbe4-27686f107e0a', '4th Week', 'mIU/mL', '1,000 - 10,000', 'P229');
INSERT INTO public.test_parameters (test_id, parameter_id, sort_order) VALUES ('805d3951-494f-447d-85fb-4904a5bfefb9', 'a4a2da63-2cf9-4809-bbe4-27686f107e0a', 3);
INSERT INTO public.parameters (id, parameter_name, units, reference_range, parameter_code) VALUES ('893e3298-75f1-452f-ac5c-8a9fd320d145', '2nd & 3rd Month', 'mIU/mL', '30,000 - 100,000', 'P230');
INSERT INTO public.test_parameters (test_id, parameter_id, sort_order) VALUES ('805d3951-494f-447d-85fb-4904a5bfefb9', '893e3298-75f1-452f-ac5c-8a9fd320d145', 4);
INSERT INTO public.parameters (id, parameter_name, units, reference_range, parameter_code) VALUES ('f011ca60-0bf0-433c-be19-8b515d7ff95a', '2nd Trimester', 'mIU/mL', '10,000 - 30,000', 'P231');
INSERT INTO public.test_parameters (test_id, parameter_id, sort_order) VALUES ('805d3951-494f-447d-85fb-4904a5bfefb9', 'f011ca60-0bf0-433c-be19-8b515d7ff95a', 5);
INSERT INTO public.parameters (id, parameter_name, units, reference_range, parameter_code) VALUES ('11a112cb-91a2-4060-91fe-327b02f42ef0', '3rd Trimester', 'mIU/mL', '5,000 - 15,000', 'P232');
INSERT INTO public.test_parameters (test_id, parameter_id, sort_order) VALUES ('805d3951-494f-447d-85fb-4904a5bfefb9', '11a112cb-91a2-4060-91fe-327b02f42ef0', 6);
INSERT INTO public.parameters (id, parameter_name, units, reference_range, parameter_code) VALUES ('34737063-a04e-4c08-9fab-8a9e2d122910', 'COMMENT', NULL, NULL, 'P233');
INSERT INTO public.test_parameters (test_id, parameter_id, sort_order) VALUES ('cc8b9dab-3f57-455b-99d4-2c41ed4e8740', '34737063-a04e-4c08-9fab-8a9e2d122910', 2);
INSERT INTO public.parameters (id, parameter_name, units, reference_range, parameter_code) VALUES ('cd7169be-30ea-44d1-ab39-3decad074cce', 'URINE MACROSCOPY', NULL, NULL, 'P234');
INSERT INTO public.test_parameters (test_id, parameter_id, sort_order) VALUES ('bf22b27c-d4a0-4d06-98e9-5b45fd6bd194', 'cd7169be-30ea-44d1-ab39-3decad074cce', 0);
INSERT INTO public.parameters (id, parameter_name, units, reference_range, parameter_code) VALUES ('fa27452d-2417-46c2-9220-60825ecbd89f', 'Appearance', NULL, NULL, 'P235');
INSERT INTO public.test_parameters (test_id, parameter_id, sort_order) VALUES ('bf22b27c-d4a0-4d06-98e9-5b45fd6bd194', 'fa27452d-2417-46c2-9220-60825ecbd89f', 1);
INSERT INTO public.parameters (id, parameter_name, units, reference_range, parameter_code) VALUES ('f834c76f-4cb2-4317-a117-d542057717f0', 'Colour', NULL, NULL, 'P236');
INSERT INTO public.test_parameters (test_id, parameter_id, sort_order) VALUES ('bf22b27c-d4a0-4d06-98e9-5b45fd6bd194', 'f834c76f-4cb2-4317-a117-d542057717f0', 2);
INSERT INTO public.parameters (id, parameter_name, units, reference_range, parameter_code) VALUES ('fb5a864d-8c80-42bb-84a2-d494f1858867', 'pH', NULL, NULL, 'P237');
INSERT INTO public.test_parameters (test_id, parameter_id, sort_order) VALUES ('bf22b27c-d4a0-4d06-98e9-5b45fd6bd194', 'fb5a864d-8c80-42bb-84a2-d494f1858867', 3);
INSERT INTO public.parameters (id, parameter_name, units, reference_range, parameter_code) VALUES ('a9534d0c-0917-4d0f-8566-ec10c7b254c3', 'Specific Gravity', NULL, NULL, 'P238');
INSERT INTO public.test_parameters (test_id, parameter_id, sort_order) VALUES ('bf22b27c-d4a0-4d06-98e9-5b45fd6bd194', 'a9534d0c-0917-4d0f-8566-ec10c7b254c3', 4);
INSERT INTO public.parameters (id, parameter_name, units, reference_range, parameter_code) VALUES ('25fa5b82-edf2-49ee-8581-3ba0a54851f8', 'Protein', NULL, NULL, 'P239');
INSERT INTO public.test_parameters (test_id, parameter_id, sort_order) VALUES ('bf22b27c-d4a0-4d06-98e9-5b45fd6bd194', '25fa5b82-edf2-49ee-8581-3ba0a54851f8', 5);
INSERT INTO public.parameters (id, parameter_name, units, reference_range, parameter_code) VALUES ('f34974f5-bec3-43d1-923c-5c34d9460721', 'Glucose', NULL, NULL, 'P240');
INSERT INTO public.test_parameters (test_id, parameter_id, sort_order) VALUES ('bf22b27c-d4a0-4d06-98e9-5b45fd6bd194', 'f34974f5-bec3-43d1-923c-5c34d9460721', 6);
INSERT INTO public.parameters (id, parameter_name, units, reference_range, parameter_code) VALUES ('66fdef9d-fdf7-4dbb-9dc8-9e86f18f4ff6', 'Blood', NULL, NULL, 'P241');
INSERT INTO public.test_parameters (test_id, parameter_id, sort_order) VALUES ('bf22b27c-d4a0-4d06-98e9-5b45fd6bd194', '66fdef9d-fdf7-4dbb-9dc8-9e86f18f4ff6', 7);
INSERT INTO public.parameters (id, parameter_name, units, reference_range, parameter_code) VALUES ('b5b455e4-b7ec-4a79-ab3f-177393b4138b', 'Leukocytes', NULL, NULL, 'P242');
INSERT INTO public.test_parameters (test_id, parameter_id, sort_order) VALUES ('bf22b27c-d4a0-4d06-98e9-5b45fd6bd194', 'b5b455e4-b7ec-4a79-ab3f-177393b4138b', 8);
INSERT INTO public.parameters (id, parameter_name, units, reference_range, parameter_code) VALUES ('74f5d7c2-c14e-454b-954d-e016582bc7ec', 'Bilirubin', NULL, NULL, 'P243');
INSERT INTO public.test_parameters (test_id, parameter_id, sort_order) VALUES ('bf22b27c-d4a0-4d06-98e9-5b45fd6bd194', '74f5d7c2-c14e-454b-954d-e016582bc7ec', 9);
INSERT INTO public.parameters (id, parameter_name, units, reference_range, parameter_code) VALUES ('de6aa97b-fff4-4701-80d5-39ce8625e38b', 'Urobilinogen', NULL, NULL, 'P244');
INSERT INTO public.test_parameters (test_id, parameter_id, sort_order) VALUES ('bf22b27c-d4a0-4d06-98e9-5b45fd6bd194', 'de6aa97b-fff4-4701-80d5-39ce8625e38b', 10);
INSERT INTO public.parameters (id, parameter_name, units, reference_range, parameter_code) VALUES ('fda9c655-1330-4403-8bd5-a381f50821b3', 'Nitrite', NULL, NULL, 'P245');
INSERT INTO public.test_parameters (test_id, parameter_id, sort_order) VALUES ('bf22b27c-d4a0-4d06-98e9-5b45fd6bd194', 'fda9c655-1330-4403-8bd5-a381f50821b3', 11);
INSERT INTO public.parameters (id, parameter_name, units, reference_range, parameter_code) VALUES ('7384e2de-faa6-4a04-9349-41774107374b', 'Ketones', NULL, NULL, 'P246');
INSERT INTO public.test_parameters (test_id, parameter_id, sort_order) VALUES ('bf22b27c-d4a0-4d06-98e9-5b45fd6bd194', '7384e2de-faa6-4a04-9349-41774107374b', 12);
INSERT INTO public.parameters (id, parameter_name, units, reference_range, parameter_code) VALUES ('d38a9f34-a671-4943-891e-2c11ca53cc1b', 'URINE MICROSCOPY', NULL, NULL, 'P247');
INSERT INTO public.test_parameters (test_id, parameter_id, sort_order) VALUES ('bf22b27c-d4a0-4d06-98e9-5b45fd6bd194', 'd38a9f34-a671-4943-891e-2c11ca53cc1b', 13);
INSERT INTO public.parameters (id, parameter_name, units, reference_range, parameter_code) VALUES ('e6c177ef-ab8a-4c18-8085-9777eeaac622', 'Pus Cells/HPF', NULL, NULL, 'P248');
INSERT INTO public.test_parameters (test_id, parameter_id, sort_order) VALUES ('bf22b27c-d4a0-4d06-98e9-5b45fd6bd194', 'e6c177ef-ab8a-4c18-8085-9777eeaac622', 14);
INSERT INTO public.parameters (id, parameter_name, units, reference_range, parameter_code) VALUES ('72349a4e-5cd0-43ae-88b3-5fc0861bc352', 'Epithelial Cells/HPF', NULL, NULL, 'P249');
INSERT INTO public.test_parameters (test_id, parameter_id, sort_order) VALUES ('bf22b27c-d4a0-4d06-98e9-5b45fd6bd194', '72349a4e-5cd0-43ae-88b3-5fc0861bc352', 15);
INSERT INTO public.parameters (id, parameter_name, units, reference_range, parameter_code) VALUES ('96dd8989-0dbe-4b36-a1ce-a962f0e9f080', 'Rbc/HPF', NULL, NULL, 'P250');
INSERT INTO public.test_parameters (test_id, parameter_id, sort_order) VALUES ('bf22b27c-d4a0-4d06-98e9-5b45fd6bd194', '96dd8989-0dbe-4b36-a1ce-a962f0e9f080', 16);
INSERT INTO public.parameters (id, parameter_name, units, reference_range, parameter_code) VALUES ('6929268e-eeb1-4482-a103-dd5282c9613c', 'S. haematobium Ova', NULL, NULL, 'P251');
INSERT INTO public.test_parameters (test_id, parameter_id, sort_order) VALUES ('bf22b27c-d4a0-4d06-98e9-5b45fd6bd194', '6929268e-eeb1-4482-a103-dd5282c9613c', 17);
INSERT INTO public.parameters (id, parameter_name, units, reference_range, parameter_code) VALUES ('400711d8-c801-4a01-8fc5-acddb3cf5e86', 'T. vaginalis', NULL, NULL, 'P252');
INSERT INTO public.test_parameters (test_id, parameter_id, sort_order) VALUES ('bf22b27c-d4a0-4d06-98e9-5b45fd6bd194', '400711d8-c801-4a01-8fc5-acddb3cf5e86', 18);
INSERT INTO public.parameters (id, parameter_name, units, reference_range, parameter_code) VALUES ('06cc8e11-c262-423c-8733-fbb9a372db7f', 'Casts', NULL, NULL, 'P253');
INSERT INTO public.test_parameters (test_id, parameter_id, sort_order) VALUES ('bf22b27c-d4a0-4d06-98e9-5b45fd6bd194', '06cc8e11-c262-423c-8733-fbb9a372db7f', 19);
INSERT INTO public.parameters (id, parameter_name, units, reference_range, parameter_code) VALUES ('d28338f4-b0d5-4f20-8216-57ea0c10b7a2', 'Yeast-Like Cells', NULL, NULL, 'P254');
INSERT INTO public.test_parameters (test_id, parameter_id, sort_order) VALUES ('bf22b27c-d4a0-4d06-98e9-5b45fd6bd194', 'd28338f4-b0d5-4f20-8216-57ea0c10b7a2', 20);
INSERT INTO public.parameters (id, parameter_name, units, reference_range, parameter_code) VALUES ('9716dd94-6bff-4618-8bc6-de2cd24c4f26', 'Crystals', NULL, NULL, 'P255');
INSERT INTO public.test_parameters (test_id, parameter_id, sort_order) VALUES ('bf22b27c-d4a0-4d06-98e9-5b45fd6bd194', '9716dd94-6bff-4618-8bc6-de2cd24c4f26', 21);
INSERT INTO public.parameters (id, parameter_name, units, reference_range, parameter_code) VALUES ('f7d295e9-8c39-42b2-beff-c8fd5909acd9', 'MICROSCOPY', NULL, NULL, 'P256');
INSERT INTO public.test_parameters (test_id, parameter_id, sort_order) VALUES ('00d5cbcc-1688-4b6c-a0f5-82378ed7d3a5', 'f7d295e9-8c39-42b2-beff-c8fd5909acd9', 0);
INSERT INTO public.parameters (id, parameter_name, units, reference_range, parameter_code) VALUES ('13b138a9-53e1-4875-8247-3ec602247124', 'Pus Cells (PC)', NULL, NULL, 'P257');
INSERT INTO public.test_parameters (test_id, parameter_id, sort_order) VALUES ('00d5cbcc-1688-4b6c-a0f5-82378ed7d3a5', '13b138a9-53e1-4875-8247-3ec602247124', 1);
INSERT INTO public.parameters (id, parameter_name, units, reference_range, parameter_code) VALUES ('c43d89b1-7ab4-4629-926b-05b48391e7d7', 'Epithelial Cells (EC)', NULL, NULL, 'P258');
INSERT INTO public.test_parameters (test_id, parameter_id, sort_order) VALUES ('00d5cbcc-1688-4b6c-a0f5-82378ed7d3a5', 'c43d89b1-7ab4-4629-926b-05b48391e7d7', 2);
INSERT INTO public.parameters (id, parameter_name, units, reference_range, parameter_code) VALUES ('52cc2e83-848f-40de-9806-93d11c6ea43b', 'Red Blood Cells (RBC)', NULL, NULL, 'P259');
INSERT INTO public.test_parameters (test_id, parameter_id, sort_order) VALUES ('00d5cbcc-1688-4b6c-a0f5-82378ed7d3a5', '52cc2e83-848f-40de-9806-93d11c6ea43b', 3);
INSERT INTO public.parameters (id, parameter_name, units, reference_range, parameter_code) VALUES ('f53c0fba-a391-4b52-89a2-da2b6bb5b940', 'Bacteria', NULL, NULL, 'P260');
INSERT INTO public.test_parameters (test_id, parameter_id, sort_order) VALUES ('00d5cbcc-1688-4b6c-a0f5-82378ed7d3a5', 'f53c0fba-a391-4b52-89a2-da2b6bb5b940', 4);
INSERT INTO public.parameters (id, parameter_name, units, reference_range, parameter_code) VALUES ('f3c50203-3069-47ba-ae59-232a059dd34b', 'T. vaginalis (TV)', NULL, NULL, 'P261');
INSERT INTO public.test_parameters (test_id, parameter_id, sort_order) VALUES ('00d5cbcc-1688-4b6c-a0f5-82378ed7d3a5', 'f3c50203-3069-47ba-ae59-232a059dd34b', 5);
INSERT INTO public.parameters (id, parameter_name, units, reference_range, parameter_code) VALUES ('bed64dfe-735f-48b0-9ba2-ef0b50db68d4', 'Yeast-Like Cells (YLC)', NULL, NULL, 'P262');
INSERT INTO public.test_parameters (test_id, parameter_id, sort_order) VALUES ('00d5cbcc-1688-4b6c-a0f5-82378ed7d3a5', 'bed64dfe-735f-48b0-9ba2-ef0b50db68d4', 6);
INSERT INTO public.parameters (id, parameter_name, units, reference_range, parameter_code) VALUES ('6a4413db-8078-4cce-9911-079a1c24dd2f', 'CALCIUM', 'mmol/L', '2.1 - 2.75', 'P263');
INSERT INTO public.test_parameters (test_id, parameter_id, sort_order) VALUES ('dcdd33c2-bb57-49e0-8f04-7b48084664a0', '6a4413db-8078-4cce-9911-079a1c24dd2f', 0);
INSERT INTO public.parameters (id, parameter_name, units, reference_range, parameter_code) VALUES ('c0fde81f-ad26-4b05-956c-12e65279516e', 'ALBUMIN', 'g/L', '35.0 - 53.0', 'P264');
INSERT INTO public.test_parameters (test_id, parameter_id, sort_order) VALUES ('dcdd33c2-bb57-49e0-8f04-7b48084664a0', 'c0fde81f-ad26-4b05-956c-12e65279516e', 1);
INSERT INTO public.parameters (id, parameter_name, units, reference_range, parameter_code) VALUES ('faaa8c34-5729-43b3-a94f-15b0e1838ecb', 'TYPHOID IgG', NULL, NULL, 'P265');
INSERT INTO public.test_parameters (test_id, parameter_id, sort_order) VALUES ('609fbe33-6d18-43d4-95be-55dd13c3c2af', 'faaa8c34-5729-43b3-a94f-15b0e1838ecb', 0);
INSERT INTO public.parameters (id, parameter_name, units, reference_range, parameter_code) VALUES ('e9bbdcb5-5ffc-45ca-b9da-8286ca310047', 'TYPHOID IgM', NULL, NULL, 'P266');
INSERT INTO public.test_parameters (test_id, parameter_id, sort_order) VALUES ('609fbe33-6d18-43d4-95be-55dd13c3c2af', 'e9bbdcb5-5ffc-45ca-b9da-8286ca310047', 1);
INSERT INTO public.parameters (id, parameter_name, units, reference_range, parameter_code) VALUES ('8524d5e9-19d5-482b-99b6-b633195b12f9', 'G6PD', NULL, NULL, 'P267');
INSERT INTO public.test_parameters (test_id, parameter_id, sort_order) VALUES ('ddd57ccf-17bc-418c-bf55-7848f8850b41', '8524d5e9-19d5-482b-99b6-b633195b12f9', 0);
INSERT INTO public.parameters (id, parameter_name, units, reference_range, parameter_code) VALUES ('f9f12ff6-3c96-4e0e-bbe9-9e02960cc442', 'BF (MPS)', NULL, NULL, 'P268');
INSERT INTO public.test_parameters (test_id, parameter_id, sort_order) VALUES ('1bcf016a-c996-481c-8a9c-6f9e49ccdd8a', 'f9f12ff6-3c96-4e0e-bbe9-9e02960cc442', 0);
INSERT INTO public.parameters (id, parameter_name, units, reference_range, parameter_code) VALUES ('61749309-0bc7-4bf8-b99f-0cd290090074', 'MRDT', NULL, NULL, 'P269');
INSERT INTO public.test_parameters (test_id, parameter_id, sort_order) VALUES ('1bcf016a-c996-481c-8a9c-6f9e49ccdd8a', '61749309-0bc7-4bf8-b99f-0cd290090074', 1);
INSERT INTO public.parameters (id, parameter_name, units, reference_range, parameter_code) VALUES ('4e3802a0-b118-4b94-a1a9-a778b9bd1048', 'Bacteria', NULL, NULL, 'P270');
INSERT INTO public.test_parameters (test_id, parameter_id, sort_order) VALUES ('bf22b27c-d4a0-4d06-98e9-5b45fd6bd194', '4e3802a0-b118-4b94-a1a9-a778b9bd1048', 22);
INSERT INTO public.parameters (id, parameter_name, units, reference_range, parameter_code) VALUES ('152bc55a-8dc2-4a5d-8a0a-97944b04091d', 'SICKLING', NULL, NULL, 'P271');
INSERT INTO public.test_parameters (test_id, parameter_id, sort_order) VALUES ('c56d2c50-fcc8-48ff-a68d-a8144fa3476d', '152bc55a-8dc2-4a5d-8a0a-97944b04091d', 0);
INSERT INTO public.parameters (id, parameter_name, units, reference_range, parameter_code) VALUES ('19093741-f976-40e2-b06b-c84fd061d485', 'P.T', 'SEC', '11.0 - 16.0', 'P272');
INSERT INTO public.test_parameters (test_id, parameter_id, sort_order) VALUES ('7c5f3513-c01f-43ee-b4c4-5f0b24b667fc', '19093741-f976-40e2-b06b-c84fd061d485', 0);
INSERT INTO public.parameters (id, parameter_name, units, reference_range, parameter_code) VALUES ('e980c2be-7615-4f54-8b83-deb0f0773750', 'C.T', 'SEC', NULL, 'P273');
INSERT INTO public.test_parameters (test_id, parameter_id, sort_order) VALUES ('7c5f3513-c01f-43ee-b4c4-5f0b24b667fc', 'e980c2be-7615-4f54-8b83-deb0f0773750', 1);
INSERT INTO public.parameters (id, parameter_name, units, reference_range, parameter_code) VALUES ('26ea2f08-502d-4da5-99a4-7189c42fa77d', 'R.T', 'SEC', NULL, 'P274');
INSERT INTO public.test_parameters (test_id, parameter_id, sort_order) VALUES ('7c5f3513-c01f-43ee-b4c4-5f0b24b667fc', '26ea2f08-502d-4da5-99a4-7189c42fa77d', 2);
INSERT INTO public.parameters (id, parameter_name, units, reference_range, parameter_code) VALUES ('e5fafc9c-fa4c-49ab-9a2e-90ba282b1a1f', 'I.N.R', 'SEC', 'Up to 1.3 (not on Warfarin)  |  Up to 4.0 (on Warfarin)', 'P275');
INSERT INTO public.test_parameters (test_id, parameter_id, sort_order) VALUES ('7c5f3513-c01f-43ee-b4c4-5f0b24b667fc', 'e5fafc9c-fa4c-49ab-9a2e-90ba282b1a1f', 3);
INSERT INTO public.parameters (id, parameter_name, units, reference_range, parameter_code) VALUES ('380eeaa4-ee26-46aa-996b-fb816c417c31', 'APTT', 'SEC', '26 - 35', 'P276');
INSERT INTO public.test_parameters (test_id, parameter_id, sort_order) VALUES ('7c5f3513-c01f-43ee-b4c4-5f0b24b667fc', '380eeaa4-ee26-46aa-996b-fb816c417c31', 4);
INSERT INTO public.parameters (id, parameter_name, units, reference_range, parameter_code) VALUES ('3708d335-3cd3-4abd-b022-1994e63aa2db', 'CULTURE', NULL, NULL, 'P277');
INSERT INTO public.test_parameters (test_id, parameter_id, sort_order) VALUES ('0369021a-4f6c-4179-a8fa-076cb854d63e', '3708d335-3cd3-4abd-b022-1994e63aa2db', 0);
INSERT INTO public.parameters (id, parameter_name, units, reference_range, parameter_code) VALUES ('f6c6b7d6-f176-4f5a-9335-be378a625093', 'MICROSCOPY', NULL, NULL, 'P278');
INSERT INTO public.test_parameters (test_id, parameter_id, sort_order) VALUES ('6298e6c4-ba73-4db4-a4ec-f91f9e14ca5b', 'f6c6b7d6-f176-4f5a-9335-be378a625093', 0);
INSERT INTO public.parameters (id, parameter_name, units, reference_range, parameter_code) VALUES ('2368cb14-8161-4e93-9f76-afe09ebfc32a', 'PUS CELLS (PC)', NULL, NULL, 'P279');
INSERT INTO public.test_parameters (test_id, parameter_id, sort_order) VALUES ('6298e6c4-ba73-4db4-a4ec-f91f9e14ca5b', '2368cb14-8161-4e93-9f76-afe09ebfc32a', 1);
INSERT INTO public.parameters (id, parameter_name, units, reference_range, parameter_code) VALUES ('cb0ea6b1-04a9-4c0a-ba17-10fa2d71a732', 'EPITHELIAL CELLS (EC)', NULL, NULL, 'P280');
INSERT INTO public.test_parameters (test_id, parameter_id, sort_order) VALUES ('6298e6c4-ba73-4db4-a4ec-f91f9e14ca5b', 'cb0ea6b1-04a9-4c0a-ba17-10fa2d71a732', 2);
INSERT INTO public.parameters (id, parameter_name, units, reference_range, parameter_code) VALUES ('5865f6ff-3c70-4a60-ad64-0e4c548a6072', 'RED BLOOD CELLS (RBC)', NULL, NULL, 'P281');
INSERT INTO public.test_parameters (test_id, parameter_id, sort_order) VALUES ('6298e6c4-ba73-4db4-a4ec-f91f9e14ca5b', '5865f6ff-3c70-4a60-ad64-0e4c548a6072', 3);
INSERT INTO public.parameters (id, parameter_name, units, reference_range, parameter_code) VALUES ('842f590c-c9e8-4dda-80ae-d4c9621633b4', 'YEAST LIKE CELLS (YLC)', NULL, NULL, 'P282');
INSERT INTO public.test_parameters (test_id, parameter_id, sort_order) VALUES ('6298e6c4-ba73-4db4-a4ec-f91f9e14ca5b', '842f590c-c9e8-4dda-80ae-d4c9621633b4', 4);
INSERT INTO public.parameters (id, parameter_name, units, reference_range, parameter_code) VALUES ('1e5ad2bd-c79a-4a01-a8a2-2d2e052e720f', 'CULTURE', NULL, NULL, 'P283');
INSERT INTO public.test_parameters (test_id, parameter_id, sort_order) VALUES ('6298e6c4-ba73-4db4-a4ec-f91f9e14ca5b', '1e5ad2bd-c79a-4a01-a8a2-2d2e052e720f', 5);
INSERT INTO public.parameters (id, parameter_name, units, reference_range, parameter_code) VALUES ('04d8794b-cda3-4413-acde-b36029dadfdc', 'MICROSCOPY', NULL, NULL, 'P284');
INSERT INTO public.test_parameters (test_id, parameter_id, sort_order) VALUES ('a2369490-c456-47aa-9ba2-6fb42db58d66', '04d8794b-cda3-4413-acde-b36029dadfdc', 0);
INSERT INTO public.parameters (id, parameter_name, units, reference_range, parameter_code) VALUES ('829c2584-41e0-4784-aef0-ce5a90ff1700', 'PUS CELL (PC)', NULL, NULL, 'P285');
INSERT INTO public.test_parameters (test_id, parameter_id, sort_order) VALUES ('a2369490-c456-47aa-9ba2-6fb42db58d66', '829c2584-41e0-4784-aef0-ce5a90ff1700', 1);
INSERT INTO public.parameters (id, parameter_name, units, reference_range, parameter_code) VALUES ('5b70ff11-333b-4d8c-af32-5215b8fb35e3', 'EPITHELIAL CELL (EC)', NULL, NULL, 'P286');
INSERT INTO public.test_parameters (test_id, parameter_id, sort_order) VALUES ('a2369490-c456-47aa-9ba2-6fb42db58d66', '5b70ff11-333b-4d8c-af32-5215b8fb35e3', 2);
INSERT INTO public.parameters (id, parameter_name, units, reference_range, parameter_code) VALUES ('8bc43569-2366-49f2-8f70-a9ba8b6adc23', 'RED BLOOD CELLS (RBC)', NULL, NULL, 'P287');
INSERT INTO public.test_parameters (test_id, parameter_id, sort_order) VALUES ('a2369490-c456-47aa-9ba2-6fb42db58d66', '8bc43569-2366-49f2-8f70-a9ba8b6adc23', 3);
INSERT INTO public.parameters (id, parameter_name, units, reference_range, parameter_code) VALUES ('c4160c88-4faf-4610-9016-c3ae38949880', 'BACTERIA', NULL, NULL, 'P288');
INSERT INTO public.test_parameters (test_id, parameter_id, sort_order) VALUES ('a2369490-c456-47aa-9ba2-6fb42db58d66', 'c4160c88-4faf-4610-9016-c3ae38949880', 4);
INSERT INTO public.parameters (id, parameter_name, units, reference_range, parameter_code) VALUES ('2de97c07-8046-40ef-9465-2d88901297ae', 'YEAST-LIKE CELLS (YLC)', NULL, NULL, 'P289');
INSERT INTO public.test_parameters (test_id, parameter_id, sort_order) VALUES ('a2369490-c456-47aa-9ba2-6fb42db58d66', '2de97c07-8046-40ef-9465-2d88901297ae', 5);
INSERT INTO public.parameters (id, parameter_name, units, reference_range, parameter_code) VALUES ('3be49b31-7393-40d0-881a-20caed11731c', 'T. VAGINALIS (TV)', NULL, NULL, 'P290');
INSERT INTO public.test_parameters (test_id, parameter_id, sort_order) VALUES ('a2369490-c456-47aa-9ba2-6fb42db58d66', '3be49b31-7393-40d0-881a-20caed11731c', 6);
INSERT INTO public.parameters (id, parameter_name, units, reference_range, parameter_code) VALUES ('765c7aad-a3a8-4419-b5b4-82664aa2a597', 'CULTURE', NULL, NULL, 'P291');
INSERT INTO public.test_parameters (test_id, parameter_id, sort_order) VALUES ('a2369490-c456-47aa-9ba2-6fb42db58d66', '765c7aad-a3a8-4419-b5b4-82664aa2a597', 7);
INSERT INTO public.parameters (id, parameter_name, units, reference_range, parameter_code) VALUES ('b1c60b98-7bf6-48c7-a590-dba8ff6fcb97', 'COMMENT', NULL, NULL, 'P292');
INSERT INTO public.test_parameters (test_id, parameter_id, sort_order) VALUES ('609fbe33-6d18-43d4-95be-55dd13c3c2af', 'b1c60b98-7bf6-48c7-a590-dba8ff6fcb97', 2);
INSERT INTO public.parameters (id, parameter_name, units, reference_range, parameter_code) VALUES ('dd67f0ef-58ca-4eb4-bc0c-6edb02090e4a', 'COMMENT', NULL, NULL, 'P293');
INSERT INTO public.test_parameters (test_id, parameter_id, sort_order) VALUES ('0fcaa168-c549-4c1f-b007-c9d0c4459d56', 'dd67f0ef-58ca-4eb4-bc0c-6edb02090e4a', 2);
INSERT INTO public.parameters (id, parameter_name, units, reference_range, parameter_code) VALUES ('fb60b6cf-8556-4484-9aa2-30ce77046242', 'NO PREGNANCY', 'mIU/mL', '0.1 - 5.7', 'P294');
INSERT INTO public.test_parameters (test_id, parameter_id, sort_order) VALUES ('805d3951-494f-447d-85fb-4904a5bfefb9', 'fb60b6cf-8556-4484-9aa2-30ce77046242', 7);
INSERT INTO public.parameters (id, parameter_name, units, reference_range, parameter_code) VALUES ('81d2a855-d17e-4367-baea-b3779fe18e4d', 'PREGNANCY', NULL, NULL, 'P295');
INSERT INTO public.test_parameters (test_id, parameter_id, sort_order) VALUES ('805d3951-494f-447d-85fb-4904a5bfefb9', '81d2a855-d17e-4367-baea-b3779fe18e4d', 8);
INSERT INTO public.parameters (id, parameter_name, units, reference_range, parameter_code) VALUES ('933596c4-f501-4ac4-b29c-d57fd419b88b', 'C Reactive Protein', 'ng/ml', '< 6.0 (Negative)', 'P296');
INSERT INTO public.test_parameters (test_id, parameter_id, sort_order) VALUES ('65541c14-4bc9-482e-bc28-14e6f2942fcd', '933596c4-f501-4ac4-b29c-d57fd419b88b', 0);
INSERT INTO public.parameters (id, parameter_name, units, reference_range, parameter_code) VALUES ('e666e495-95fc-48d9-b329-e55da181c626', 'BLOOD PRESSURE', 'mmHg', NULL, 'P297');
INSERT INTO public.test_parameters (test_id, parameter_id, sort_order) VALUES ('f946883c-3642-47eb-8a9b-84d97848e564', 'e666e495-95fc-48d9-b329-e55da181c626', 0);
INSERT INTO public.parameters (id, parameter_name, units, reference_range, parameter_code) VALUES ('9bbbfaaf-f439-4c34-86d8-4b32b0c61ee3', 'BODY WEIGHT', 'Kg', NULL, 'P298');
INSERT INTO public.test_parameters (test_id, parameter_id, sort_order) VALUES ('a20c2b6f-0bf6-4473-ba80-edd588c172eb', '9bbbfaaf-f439-4c34-86d8-4b32b0c61ee3', 0);
INSERT INTO public.parameters (id, parameter_name, units, reference_range, parameter_code) VALUES ('b3cacea1-8e70-456a-983a-06b543aa6a20', 'BODY HEIGHT', 'm', NULL, 'P299');
INSERT INTO public.test_parameters (test_id, parameter_id, sort_order) VALUES ('a20c2b6f-0bf6-4473-ba80-edd588c172eb', 'b3cacea1-8e70-456a-983a-06b543aa6a20', 1);
INSERT INTO public.parameters (id, parameter_name, units, reference_range, parameter_code) VALUES ('9b1398db-b80c-4bef-bb21-2e6de9232ae0', 'BODY MASS INDEX', NULL, NULL, 'P300');
INSERT INTO public.test_parameters (test_id, parameter_id, sort_order) VALUES ('a20c2b6f-0bf6-4473-ba80-edd588c172eb', '9b1398db-b80c-4bef-bb21-2e6de9232ae0', 2);
INSERT INTO public.parameters (id, parameter_name, units, reference_range, parameter_code) VALUES ('ca077bf5-fe59-49eb-8b9f-fcfbe6d5884f', 'COMMENT', NULL, NULL, 'P301');
INSERT INTO public.test_parameters (test_id, parameter_id, sort_order) VALUES ('a20c2b6f-0bf6-4473-ba80-edd588c172eb', 'ca077bf5-fe59-49eb-8b9f-fcfbe6d5884f', 3);
INSERT INTO public.parameters (id, parameter_name, units, reference_range, parameter_code) VALUES ('cb11be97-3ce7-4501-be03-76ac027932b8', 'BODY WEIGHT', 'Kg', NULL, 'P302');
INSERT INTO public.test_parameters (test_id, parameter_id, sort_order) VALUES ('34a7af1b-9e73-45a1-a6c3-ac2012885724', 'cb11be97-3ce7-4501-be03-76ac027932b8', 0);
INSERT INTO public.parameters (id, parameter_name, units, reference_range, parameter_code) VALUES ('629fce54-ce28-4af6-a226-512e4aa9c920', 'BODY HEIGHT', 'm', NULL, 'P303');
INSERT INTO public.test_parameters (test_id, parameter_id, sort_order) VALUES ('4eda64e4-7c21-4195-b8c3-c67b0dbb1f06', '629fce54-ce28-4af6-a226-512e4aa9c920', 0);
INSERT INTO public.parameters (id, parameter_name, units, reference_range, parameter_code) VALUES ('42461f29-c965-4743-bcda-e6f746fc6343', 'HBsAg', NULL, NULL, 'P304');
INSERT INTO public.test_parameters (test_id, parameter_id, sort_order) VALUES ('286386b9-52b7-439b-a74d-6e0514cd1d2d', '42461f29-c965-4743-bcda-e6f746fc6343', 0);
INSERT INTO public.parameters (id, parameter_name, units, reference_range, parameter_code) VALUES ('4719c217-3b5c-448d-84c4-3a8ccb7d7b2b', 'HBsAb', NULL, NULL, 'P305');
INSERT INTO public.test_parameters (test_id, parameter_id, sort_order) VALUES ('286386b9-52b7-439b-a74d-6e0514cd1d2d', '4719c217-3b5c-448d-84c4-3a8ccb7d7b2b', 1);
INSERT INTO public.parameters (id, parameter_name, units, reference_range, parameter_code) VALUES ('fceef63a-15ab-4999-88d7-95ff2fcb8b1c', 'HBeAg', NULL, NULL, 'P306');
INSERT INTO public.test_parameters (test_id, parameter_id, sort_order) VALUES ('286386b9-52b7-439b-a74d-6e0514cd1d2d', 'fceef63a-15ab-4999-88d7-95ff2fcb8b1c', 2);
INSERT INTO public.parameters (id, parameter_name, units, reference_range, parameter_code) VALUES ('65244d71-16af-48f9-affa-28d65bf13354', 'Comment', NULL, NULL, 'P307');
INSERT INTO public.test_parameters (test_id, parameter_id, sort_order) VALUES ('81211c47-9a8e-48ae-9de2-72d977c13315', '65244d71-16af-48f9-affa-28d65bf13354', 5);
INSERT INTO public.parameters (id, parameter_name, units, reference_range, parameter_code) VALUES ('a7d3848b-811a-4d41-be99-b478c803a5c4', 'HBeAb', NULL, NULL, 'P308');
INSERT INTO public.test_parameters (test_id, parameter_id, sort_order) VALUES ('286386b9-52b7-439b-a74d-6e0514cd1d2d', 'a7d3848b-811a-4d41-be99-b478c803a5c4', 3);
INSERT INTO public.parameters (id, parameter_name, units, reference_range, parameter_code) VALUES ('1b146e3f-fbff-4a13-8867-b62fa5cdffec', 'HBcAb', NULL, NULL, 'P309');
INSERT INTO public.test_parameters (test_id, parameter_id, sort_order) VALUES ('286386b9-52b7-439b-a74d-6e0514cd1d2d', '1b146e3f-fbff-4a13-8867-b62fa5cdffec', 4);
INSERT INTO public.parameters (id, parameter_name, units, reference_range, parameter_code) VALUES ('9bcfe22e-c400-4746-bd05-f3b1a1f500e1', 'COMMENT', NULL, NULL, 'P310');
INSERT INTO public.test_parameters (test_id, parameter_id, sort_order) VALUES ('286386b9-52b7-439b-a74d-6e0514cd1d2d', '9bcfe22e-c400-4746-bd05-f3b1a1f500e1', 5);
INSERT INTO public.parameters (id, parameter_name, units, reference_range, parameter_code) VALUES ('f71cfd0d-e590-4354-bf4f-d870a01b39ad', 'AFP', 'ng/mL', '< 20.0', 'P311');
INSERT INTO public.test_parameters (test_id, parameter_id, sort_order) VALUES ('2e06e739-3aa8-4f7b-b86c-e8fe87d56cca', 'f71cfd0d-e590-4354-bf4f-d870a01b39ad', 0);
INSERT INTO public.parameters (id, parameter_name, units, reference_range, parameter_code) VALUES ('e1dacd28-b237-4c1f-b84a-06ac70bd9001', 'Creatinine', 'umol/L', '45.0 - 120.0', 'P312');
INSERT INTO public.test_parameters (test_id, parameter_id, sort_order) VALUES ('78f4c257-6df9-484a-9a82-ddb90f9bdcd7', 'e1dacd28-b237-4c1f-b84a-06ac70bd9001', 0);
INSERT INTO public.parameters (id, parameter_name, units, reference_range, parameter_code) VALUES ('5cb2b93d-7ee0-4fab-9ccd-e95d96e566ff', 'Comment', NULL, NULL, 'P313');
INSERT INTO public.test_parameters (test_id, parameter_id, sort_order) VALUES ('bf22b27c-d4a0-4d06-98e9-5b45fd6bd194', '5cb2b93d-7ee0-4fab-9ccd-e95d96e566ff', 23);
INSERT INTO public.parameters (id, parameter_name, units, reference_range, parameter_code) VALUES ('561c250c-d4fe-4a4b-8da7-62ca7bac4647', 'PT', 'Sec', '11.0 - 16.0', 'P314');
INSERT INTO public.test_parameters (test_id, parameter_id, sort_order) VALUES ('db8b9603-6bdc-43a6-90ac-2f051e9f56f7', '561c250c-d4fe-4a4b-8da7-62ca7bac4647', 0);
INSERT INTO public.parameters (id, parameter_name, units, reference_range, parameter_code) VALUES ('1d189852-1a04-4499-9444-e38bf7e39897', 'CT', 'Sec', NULL, 'P315');
INSERT INTO public.test_parameters (test_id, parameter_id, sort_order) VALUES ('db8b9603-6bdc-43a6-90ac-2f051e9f56f7', '1d189852-1a04-4499-9444-e38bf7e39897', 1);
INSERT INTO public.parameters (id, parameter_name, units, reference_range, parameter_code) VALUES ('21245063-ac00-4195-a2a8-4bba846ba989', 'RT', 'Sec', NULL, 'P316');
INSERT INTO public.test_parameters (test_id, parameter_id, sort_order) VALUES ('db8b9603-6bdc-43a6-90ac-2f051e9f56f7', '21245063-ac00-4195-a2a8-4bba846ba989', 2);
INSERT INTO public.parameters (id, parameter_name, units, reference_range, parameter_code) VALUES ('0e844d59-a9a3-4c26-bc79-bffa3865199c', 'INR', 'Sec', 'Up to 1.3 (not on Warfarin)  |  Up to 4.0 (on Warfarin)', 'P317');
INSERT INTO public.test_parameters (test_id, parameter_id, sort_order) VALUES ('db8b9603-6bdc-43a6-90ac-2f051e9f56f7', '0e844d59-a9a3-4c26-bc79-bffa3865199c', 3);
INSERT INTO public.parameters (id, parameter_name, units, reference_range, parameter_code) VALUES ('5acc9e2e-5173-4381-b0ba-c4736e5df358', 'TOTAL T3', 'pmol/L', '1.23 - 3.07', 'P318');
INSERT INTO public.test_parameters (test_id, parameter_id, sort_order) VALUES ('6d040124-bb39-4050-8c34-ed671ed6950d', '5acc9e2e-5173-4381-b0ba-c4736e5df358', 0);
INSERT INTO public.parameters (id, parameter_name, units, reference_range, parameter_code) VALUES ('a7e00305-1b99-4b11-8e67-ef8c2b4b4627', 'TOTAL T4', 'pmol/L', '66.0 - 181.0', 'P319');
INSERT INTO public.test_parameters (test_id, parameter_id, sort_order) VALUES ('6d040124-bb39-4050-8c34-ed671ed6950d', 'a7e00305-1b99-4b11-8e67-ef8c2b4b4627', 1);
INSERT INTO public.parameters (id, parameter_name, units, reference_range, parameter_code) VALUES ('f1ab2ee0-4093-4b53-80fc-9e65db3cdc24', 'TSH', 'mIU/L', '0.3 - 4.2', 'P320');
INSERT INTO public.test_parameters (test_id, parameter_id, sort_order) VALUES ('6d040124-bb39-4050-8c34-ed671ed6950d', 'f1ab2ee0-4093-4b53-80fc-9e65db3cdc24', 2);
INSERT INTO public.parameters (id, parameter_name, units, reference_range, parameter_code) VALUES ('1cd5a65a-2b8f-4211-ba9b-d60390be138c', 'AST', 'U/L', '0.0 - 38.0', 'P321');
INSERT INTO public.test_parameters (test_id, parameter_id, sort_order) VALUES ('1dc38cae-992a-4b41-85e6-a50766e51e98', '1cd5a65a-2b8f-4211-ba9b-d60390be138c', 0);
INSERT INTO public.parameters (id, parameter_name, units, reference_range, parameter_code) VALUES ('40cc42d2-4650-400a-962d-9e9db47a18de', 'ALT', 'U/L', '5.0 - 38.0', 'P322');
INSERT INTO public.test_parameters (test_id, parameter_id, sort_order) VALUES ('1dc38cae-992a-4b41-85e6-a50766e51e98', '40cc42d2-4650-400a-962d-9e9db47a18de', 1);
INSERT INTO public.parameters (id, parameter_name, units, reference_range, parameter_code) VALUES ('6c283369-913e-4dd9-92f5-2b49d31c2833', 'ALP', 'U/L', '< 270.0', 'P323');
INSERT INTO public.test_parameters (test_id, parameter_id, sort_order) VALUES ('1dc38cae-992a-4b41-85e6-a50766e51e98', '6c283369-913e-4dd9-92f5-2b49d31c2833', 2);
INSERT INTO public.parameters (id, parameter_name, units, reference_range, parameter_code) VALUES ('fe002e20-4bdd-4a1c-a65d-b5d28843ffbf', 'ALB', 'g/L', '35.0 - 53.0', 'P324');
INSERT INTO public.test_parameters (test_id, parameter_id, sort_order) VALUES ('1dc38cae-992a-4b41-85e6-a50766e51e98', 'fe002e20-4bdd-4a1c-a65d-b5d28843ffbf', 3);
INSERT INTO public.parameters (id, parameter_name, units, reference_range, parameter_code) VALUES ('2328b702-970a-4485-834f-e1721f6fb379', 'TOTAL PROTEIN', 'g/L', '66.0 - 83.0', 'P325');
INSERT INTO public.test_parameters (test_id, parameter_id, sort_order) VALUES ('1dc38cae-992a-4b41-85e6-a50766e51e98', '2328b702-970a-4485-834f-e1721f6fb379', 4);
INSERT INTO public.parameters (id, parameter_name, units, reference_range, parameter_code) VALUES ('1a021cfd-06ea-4a96-b5e9-462065dce7b6', 'TOTAL BILIRUBIN', 'umol/L', '3.4 - 20.5', 'P326');
INSERT INTO public.test_parameters (test_id, parameter_id, sort_order) VALUES ('1dc38cae-992a-4b41-85e6-a50766e51e98', '1a021cfd-06ea-4a96-b5e9-462065dce7b6', 5);
INSERT INTO public.parameters (id, parameter_name, units, reference_range, parameter_code) VALUES ('959ae0f0-e5b7-4225-9a78-7f2ffbb2d51a', 'DIRECT BILIRUBIN', 'umol/L', '0.0 - 6.8', 'P327');
INSERT INTO public.test_parameters (test_id, parameter_id, sort_order) VALUES ('1dc38cae-992a-4b41-85e6-a50766e51e98', '959ae0f0-e5b7-4225-9a78-7f2ffbb2d51a', 6);
INSERT INTO public.parameters (id, parameter_name, units, reference_range, parameter_code) VALUES ('ea4d8398-32de-486f-9146-339af7e2090e', 'INDIRECT BILIRUBIN', 'umol/L', '2.0 - 17.0', 'P328');
INSERT INTO public.test_parameters (test_id, parameter_id, sort_order) VALUES ('1dc38cae-992a-4b41-85e6-a50766e51e98', 'ea4d8398-32de-486f-9146-339af7e2090e', 7);
INSERT INTO public.parameters (id, parameter_name, units, reference_range, parameter_code) VALUES ('72fc4e86-3f63-4a7f-93eb-bcd95b51db8a', 'GGT', 'U/L', '8.0 - 54.0', 'P329');
INSERT INTO public.test_parameters (test_id, parameter_id, sort_order) VALUES ('1dc38cae-992a-4b41-85e6-a50766e51e98', '72fc4e86-3f63-4a7f-93eb-bcd95b51db8a', 8);

SET session_replication_role = 'origin';
